cantonese,english,beam
你看,Look.,
笑死我了,- That kills me. -,
"來整蠱他吧,讓他見識最佳拍檔","Come on, we'll fix him. Let's give him the old one-two.",
你還不會用腦嗎?,Won't you ever grow up?,
喂喂,- What? - Yoo-hoo!,
快點給我滾,"Come on, get out of here.",
"走開,快滾",Beat it. Scram!,
自作聰明的傢伙,Doggone smart alecks.,
很好,"Oh, yeah?",
再見,Yoo-hoo!,
"捉到了,你們這些小混蛋,快滾","Gotcha! Now, you little punks, scram out of here.",
永遠不要回來,And stay out!,
"喂,搞甚麼?","Hey, what the...?",
"喂,停手,你... 一起狙擊他吧,繼續作戰計劃","Hey, cut it out, you little... Come on, let's get going.",
來吧,Come on.,
給我等著瞧...,Wait till I...,
我忍無可忍了,So... that's the last straw!,
黛絲,"- Oh, Daisy!",
唐老鴨,Donald!,
可憐的小寶貝,"Oh, you poor little darlings.",
唐老鴨對你們很壞嗎?,Was Donald mean to you?,
那個大壞蛋做了甚麼?,What did the big bad man do?,
"停,我聽夠了",Stop! I've heard enough.,
走好不送了,Oh! 23 skidoo to you.,
可是黛絲...,But Daisy...,
謝謝,Thank you.,
為甚麼所有該死的...,"Why, of all the doggone...",
可惡,"Aw, rats!",
誰有最溫和可愛的個性,Who's got the sweetest disposition?,
來猜猜吧,"One guess, guess who?",
誰從來不跟人吵架,"Who never, never starts an argument?",
誰從來不發脾氣,Who never shows a bit of temperament?,
誰永遠是對的,Who's never wrong but always right?,
對了,DONALD: Yeah?,
誰從沒想過要跟人吵架,Who'd never dream of starting a fight?,
是嗎?,DONALD: That so?,
《花栗鼠水手》 誰總是很倒楣 就是...,Who gets stuck with all the bad luck?,
唐老鴨,No one... - ...but Donald Duck!,
沒錯,- DONALD: Yeah!,
"-哎呀,我好餓呀","- Gosh, but I'm hungry.",
-我也是,"- Me, too.",
"唏,望望上面",Hey! Look up there!,
"是我先看到,放手,給我呀",I saw it first. Let go! Let me have it!,
"-給我,那是我的","- Let me at it, it's mine! - I'll get it.",
"唏,停手",Hey! Cut it out!,
看你做的好事,"Now, look what you've done.",
"唏,望望上面",Hey! Look up there!,
天啊!,"BOTH: Oh, boy, oh, boy! Oh, boy, oh, boy!",
哎呀!,"Oh, boy, oh, boy!",
"唏,等陣,傻仔,你跌落水了","Hey! Wait a minute, stupid. That's water.",
你不知道自己無法在水上走嗎?,Don't you know you can't walk on water?,
那我們怎麼拿它?,Then how are we ever gonna get 'em? Hey!,
"唏,你看",Look!,
"我們有辦法了,來吧",Here's how we'll do it! Come on!,
今日正好適合出海,Well... . Nice day for a sail.,
搞什麼...,What the...,
可惡!,Doggone!,
我隻船呀!,My boat!,
"唏,你看我找到什麼,來,試戴看看","Hey! Look what I found! Here, try it on.",
我走著走著 啦啦啦,As I was a-walking la la la la,
喂 唏 迷倒那位男子,"Wey, hey, blow the man down",
年輕貌美的姑娘 啦啦啦,A pretty young damsel la la la la la,
給我點時間 迷倒那位男子,Give me some time to blow the man down,
聽住,"Now, hear this.",
"在甲板上集合,封住船艙的洞口","Muster up at quarterdeck, batten down the holes!",
"張起風帆,索緊船尾,清洗甲板","Rig the jib, belay the poop and swab the deck!",
這湍急的水流真可惡,Goll darn these mighty great waters!,
"可惡的海盜,等我收拾你們吧",Doggone pirates! I'll fix you!,
你怎麼駛船不帶眼?,"Well, why didn't you look where you were going?",
"快去固定水桶,我是船長",Belay the scuttlebutt. I'm the skipper.,
回去你的艙,Get to your quarters!,
手動水泵,Man the pump!,
有人跌落水,Man overboard!,
"可惡,你們兩個海盜","Doggone it, you pirates!",
等我好好收拾...,Wait till I get my hands on...,
所有人到甲板集合,All hands on deck!,
"-收到,船長","- Aye, aye, sir!",
"-喂,等陣",- Hey! Wait!,
-不要上去,- Don't go up there!,
-我捉到你了,- I got you!,
快給我回來,Get back here!,
喂喂!,"Ahoy! Chip, ahoy!",
"唏,大鼻,醒醒呀,你看看",Hey! Dale! Get up!,
-牠要來抓我們了,- He's coming after us!,
"-放心,船長","- Don't worry, Skipper.",
"唏,大鼻,你看牠在做什麼","Hey, Dale, look what he's doing now.",
"船長,冷靜點","Calm yourself, Captain.",
"大鼻,快醒醒,牠正划艇過來","Dale, come on, quick! He's coming in on a rowboat.",
"別擔心,一切都在掌握之中","Fear not, the situation is well in hand.",
"唏,起身呀,牠來了","Hey, get up, here he comes!",
"唏,牠正從3點鐘方向過來",Hey! He's coming in at three o'clock!,
"你看,繩結","Look, knots.",
我要撞沉牠們,I'll ram them!,
"我要將牠們石沉大海,我...",I'll scuttle them. I'll...,
天啊...,"Oh, boy, oh, boy!",
簡直滿載而歸,What a cargo.,
"大鼻,你看牠在做什麼",Dale! Look what he's doing now.,
毕小姐，早,"Good morning, Miss Prescott.",
毕小姐，早,"Good morning, Miss Prescott.",
听着,Now hear this!,
这一期我不能这样子发行,I simply cannot release this issue the way it is!,
优秀创刊60年，这期最差劲,"In the 60 years of Quality magazine, this hits rock bottom.",
若我通过它，就有负美国的女性,"If I let this go through, I will have failed the American woman.",
毕小姐，别这样说,"No, Miss Prescott, don't say that!",
美国女性光着身子站着... 等着我提点她们该穿什么衣服,"The great American woman, who stands out there naked, waiting for me to tell her what to wear.",
这个没有启示,It doesn't speak.,
若我觉得它不行，对谁也是不行,"And if it won't speak to me, it won't speak to anyone.",
一本杂志要像一个人,A magazine must be like a human being.,
若它进入家中就要有所贡献,If it comes into the home it must contribute.,
不能毫无建树的,It just can't lie around.,
一本杂志一定要有... 内涵和气派,A magazine must have... ..blood and brains and pizzazz.,
这只是纸张,This is just paper!,
寄纸张给美国女性会令她们失望,"If I send paper to the American woman, I will have let her down.",
毕小姐，不要这样说,"No, Miss Prescott, you mustn't say that.",
不错...,Yes.,
没落,D for down.,
沉闷,D for dreary.,
枯燥和令人沮丧 忧郁和无生气,"D for dull and for depressing, dismal and deadly!",
这就是了,Ahh! Here it is!,
这就是我们的主题，粉红色,Here is our theme. Here is our answer. Pink!,
把这个交给设计师,"Girls, girls, girls, girls. Listen, take this to all the designers.",
我要用这个粉红色做裙子,I want dresses made up in exactly this shade of pink.,
贝丝，拿这个给戴启成,"Babs, take this to Kaiser Delmont.",
我要皮鞋和丝袜都用这个颜色,I want shoes and stockings in exactly this colour.,
罗拉，所有东西都用粉红色,"Laura, everything goes pink!",
全本杂志和全国都要用粉红色,I want the whole issue pink. I want the whole country pink!,
"丽缇，写篇稿""致美国的女性""","Lettie, take an editorial. ""To the women of America...""",
"不，改做""致各地的女性""","No, make it ""To the women everywhere.""",
赶走黑色 烧掉蓝色 和埋藏米色,"Banish the black, burn the blue, and bury the beige.",
从此以后，小姐们...,"From now on, girls... ♫ Think pink!",
美琪？,Maggie?,
杜维治，我要找你,Dovitch! I want to see you.,
你们回去工作，男士们，行了,"Girls, back to work. Gentlemen, that will do!",
铁路局要把一列火车漆成粉红色 将它巡回展出,The Union Pacific railroad is going to paint a whole train pink and send it on a north west tour.,
TWA会通知我们可否有粉红飞机,TWA will let me know this afternoon if we can have a pink plane.,
两周来我所见的女人都穿粉红色,I haven't seen a woman in two weeks in anything but pink.,
你又怎样？,- What about you?,
我？,- Me?,
我不会落后,I wouldn't be caught dead!,
我要告诉你我下期的专题,"Dovitch, I can't wait to tell you about my feature for the next issue.",
这是我最新的计划，你会惊讶的,"It's my newest project. And when you hear it, you will drop!",
是什么？,- Now what?,
听着,- Just you listen.,
迪克已开始拍照了,Dick Avery started working on the pictures this morning.,
他比我们更兴奋,He's more excited about it than any of us.,
这个...,Here it is.,
给忽视服装的女性的服装,Clothes for the woman who isn't interested in clothes.,
玛莲，给我一个深沉的表情,"Marion, give me a long look.",
深沉一点,Longer.,
仕德，把后灯调低一点，好了,"Steve, eh, tip that back light down a bit, will you?",
停，贝多芬没效，试试布拉姆斯,"Hold it, boys. Beethoven isn't working. Try Brahms.",
玛莲，我想再来一次,"Ahm, look, Marion, I'd like to try it again.",
看这次可否成功,"This time, let's see if we can't get with it.",
记着你是个有思想的女人,Keep in mind that you're a woman who thinks.,
这是贝齐的雕刻作品,"Now, that is a piece of sculpture by Itsabuchi.",
用理解它的眼神看着它,Look at it as if you understand it. As if it understands you. See?,
那不是我们想着贝齐时的样子,"No Marion, I'm afraid that's not the way we look when we're thinking of Itsabuchi.",
对它作出反应...,React to it.,
说出来吧,Just... say it.,
贝齐？,"Itsabuchi, hmm?",
你不太明白，留心听着,"You haven't quite got it. Now, listen carefully.",
你身处现代艺术博物馆,"You are in the Museum of Modern Art, Marion.",
渊博、深奥的,"Deep, Marion. Profound, Marion.",
你看到这雕像，它令你有所感受,You have come across this statue.,
因为你有知识，经常思考,"And it says something to you because you are intellectual, always thinking.",
你在想什么？,What are you thinking?,
我在想已经拍了很久 我不能替夏洛拿衣服了,"I'm thinking this is taking a long time, and I'll never be able to pick up Harold's laundry.",
夏洛拿不到衣服时，会是大灾难,"When Harold doesn't get his laundry, disaster!",
这个做不好，你休想见夏洛，来,"If we don't get this fixed, you may never see Harold's laundry or Harold again. Let's go.",
有思想的女性要认真对待时装,The woman who thinks must come to grips with fashionable attire.,
女人可以美貌智慧俱备，看封面,"A woman can be beautiful, as well as intellectual. See facing page.",
封面是怎样了？,And how is the facing page?,
封面照拍得像蛇般精明,The facing page looks about as intellectual as a snake.,
胡说，玛莲可以很有深度的,Nonsense. Marion can be very deep.,
看，她在阅读,Look at her. She's reading.,
玛莲，你在看什么书？,"Marion, dear, what are you reading?",
火星来的小人,Minute Men From Mars!,
我们继续还是换人？,"Are we all gonna hang around, or get somebody else?",
彭露丝怎样？,- How about Lucy Brand?,
去了度蜜月,- On her honeymoon.,
夏贝蒂呢？,- Betty Hayes?,
她在坐监,- She's in jail.,
没有美貌与智慧俱备的模特儿了,Are there no models around who can think as well as they look?,
用别的背景，玛莲或会好一点,Marion might look better in a different background.,
我们可以去个有学术气息的地方,We can go on location. Some intellectual hang-out.,
有书籍的地方 书店,- Somewhere with books. - A book store!,
格林威治村一个阴森的地方，来,Of course! One of those sinister places in Greenwich Village.,
快点，还要在途中替夏洛取衣物,"Come on, girls! Let's hurry. We might have to stop and pick up Harold's laundry on the way.",
那里有一间,There's one.,
司机，停车,"Driver, stop here.",
那够阴森了,That's sinister enough.,
梅丽，帮我拿这盏灯，它很重,"Melissa, for heaven's sake, help me with this lamp! It's heavy.",
不行，我满手都是东西了,"I can't, Babs, I got my hands full.",
真阴暗，我们可以布置它就好了,It's movingly dismal. We couldn't have done better if we'd designed it ourselves.,
玛莲看来已经精明一点了,Marion looks smarter already.,
抱歉，我看不到你，你没事吧？,I'm sorry. I didn't see you up there. Are you alright?,
没事，有何效劳？,"Yes, thank you. Can I help you?",
你想买书吗？,Would you like a book?,
玛莲，过来 她们是谁？,"- Marion, over here. - Who are those?",
我可否替你效劳？,May I help you?,
谢谢，我们有所需的东西了,Thank you very much. I think we have everything we need.,
请告诉我这是什么一回事,Please tell me what all this is about.,
我们只想拍一些照片,We're just going to take a few pictures.,
什么照片？,Pictures? What sort of pictures?,
你是店主吗？,- Are you the owner?,
蒲博士才是,"- No, Dr Post is.",
我在此工作，她不在时由我管理,"I work here, and I'm in charge in her absence.",
我是施采，你可否帮我？,I'm Jo Stockton. Can you help me?,
你好，我是颜迪克,How do you do? I'm Dick Avery.,
要拍什么照片？,What about these pictures?,
我们想用这店子做背景 替优秀杂志拍时装照,"Well, we are using the shop as a background for some fashion pictures for Quality magazine.",
抱歉，不行，蒲博士不会同意的,I'm sorry. but I can't let you do this. Dr Post would never approve.,
她不认同时装杂志的,She doesn't approve of fashion magazines.,
它俗气而且是不实际的自我形象,It's chi-chi and an unrealistic approach to self-impressions as well as economics.,
麻烦，她是个思想家 又多嘴,- We're going to have trouble. She's a thinker. - She's also a talker!,
我得请你们离开,I must ask you to leave.,
我们求求你,We throw ourselves at your mercy.,
我们这样的可怜人没维生权利吗,Haven't poor helpless people like us a right to make a living?,
我请你们离开，这是我的权利,I have asked you to leave. That is my right.,
若个人权利... 不被群众尊重，群众就不能存在,"If the rights of the individual are not respected by the group, the group itself cannot exist for long.",
那是什么意思？,What does that mean?,
己所不欲，勿施于人,"""Do unto others as you would have others do unto you.""",
我们只会麻烦你一会儿 而且我们自己的麻烦更多,"We'll only do unto you for a moment, and it's no more than we would do unto ourselves.",
我要重新摆放这些书籍,"Girls, I want all these books rearranged.",
它们太相似和有系统，调乱一下,They look too much alike. They're too pat. Mix them up.,
你们不能把它们调乱,"No, you mustn't mix them up.",
这书架上的书是有关经验主义 这是唯物主义，这是心身平衡论,"The books on this shelf pertain to empiricism, and on this shelf, materialism, and on this, psychopiscoparalysm.",
请放回去，我要花几小时整理的,"Put them back. Oh, please talk to her. It'll take me hours.",
没人敢对毕美琪说话，只可聆听,One never talks to Maggie Prescott. One only listens.,
我们该放她在照片内，请过来,"Here. I think we ought to use her in the shot. Miss, come here, please.",
我？,- Me?,
你卖书给那个女孩,- You're selling a book to that girl.,
她？,Her?,
装假玛莲懂得看书吧,It's very simple. Just pretend that Marion can read.,
听着！,"Say, listen!",
玛莲，我们来吧,"Alright, Marion, let's go.",
但这有违我的原则,But this would be a violation of all my principles!,
这样做我会很虚伪的,It would be hypocrisy for me to lend myself to this sort of idealism.,
对不起，但是...,"- I'm sorry, but... - Shush.",
向玛莲介绍一下那些书籍吧,"Now, tell Marion about the books so that we can get out of here.",
这个写副现象论，涉及意识能力 作为生理过程的附属品 无论你在做什么...,"This book deals with epiphenomenalism, which has to do with consciousness as a mere accessory of physiological processes whose presence or absence makes no difference...",
它存在与否也没有分别？,Whatever are you doing?,
别动！,"Alright, hold it!",
好，给她更衣 戴上帽子,- Good. Get her in another outfit. - Put on the shebop.,
你们擅闯私人地方,None of you seems to realise you're trespassing on private property.,
你们乱冲乱撞，我可以告你们,"You run around, sublime ignorant of the fact that I can have you put in jail.",
最后一次 你很令人烦厌,- For the last time... - You're getting tiresome.,
你干什么？,What are you doing?,
放手,Let go. Let go of my arm!,
我知你没恶意，但你阻碍着大家,"I know you don't mean any harm child, but you are in everyone's way.",
我们很快便完工,"Now, we won't be a moment.",
让我进来,Let me in!,
新鲜空气对她有益，她很苍白,The air will do her good. She was very pale.,
好，预备,"Alright, hit it.",
别动，准备好没有？,Hold it. Ready?,
好，再来一张,"Good. One more, please.",
好，看着,Alright. Hit it.,
别动，准备？,Hold it. Ready?,
再来，最后一张,"Very good, Marion. One more, please. Last one.",
来吧,"Alright, here we go.",
看着,Hit it.,
别动，预备,Hold it. Ready.,
好，应该够了,"OK, that's it. That ought to do.",
完了没有？,- Quite through? - Thank you.,
你做得很好,You've been wonderful.,
我们会在杂志提及这店子,We'll mention the shop in the magazine.,
你休想！,Don't you dare!,
计程车,Taxi!,
天啊！,"Oh, no!",
你好,Hello there.,
我留下来帮你收拾一下,I stayed to help you put these things back.,
我不知道我们会弄得这样凌乱,"I'm sorry, I didn't realise we made such a mess.",
唯物主义放在哪个书架？,Which shelf for materialism?,
交给我好了,Just hand them to me.,
不,"Oh, no.",
你们该感到羞耻,You should be ashamed of yourself.,
我们通常不会那样擅闯进来的,"I'm sorry, we don't usually barge in that way.",
你很能干，却把时间浪费在... 拍摄穿着难看裙子的笨女人身上,I mean a man of your ability wasting his time photographing silly dresses on silly women.,
人们认为是美女身上美丽的裙子,Most people think they're beautiful dresses on beautiful women.,
顶多是人工化的美,"At most, a synthetic beauty.",
树林才是美丽,Trees are beautiful.,
为何你不拍摄树林？,Why don't you photograph trees?,
我以此维生，这跟供需有关,I do what I do for a living. It has to do with supply and demand.,
你会惊讶树木照片的需求很少,You'd be amazed how small the demand is for pictures of trees.,
我的工作舒适，待遇优厚 每年还可到巴黎一次,"My work is very pleasant, the pay is excellent, and I get a trip to Paris every year.",
我很羡慕你,I certainly envy you that.,
若我有钱，现在我也身处巴黎了,I'd be in Paris now if I could afford it.,
你会出席舞会,You'd have a ball.,
每晚参加派对、喝香槟 身处香水中，每小时都有新恋情,"You'd go to a party every night, drink nothing but champagne, swim in perfume, and a new love affair every hour on the hour.",
若我去巴黎就会去霍奕谋的讲座,"If I went to Paris, it would be to go to Emile Flostre's lectures.",
谁会去巴黎听讲座？,Who goes to Paris for lectures?,
霍教授是在世的最伟大的哲学家 也是感情移入论之父,"Professor Flostre is the greatest living philosopher, and father of empathicalism.",
什么是感情移入论？,Oh? What's empathicalism?,
是达致理解和平静的最佳方法,The most sensible approach to true understanding and peace of mind.,
听来不错，但它是什么？,"Sounds great, but what is it?",
以共鸣为依据,It's based on empathy.,
你明白共鸣的意思吧？,"Do you know what the word ""empathy"" means?",
不，我要上初学者课程才行了,"No, I'll have to have the beginner's course on that one.",
共鸣是否与同情相似？,Empathy. Is it something like sympathy?,
它比同情更深入,"Oh, it goes beyond sympathy.",
同情是了解别人的感受,Sympathy is to understand what someone feels.,
共鸣是突出你的想像力 让你实际感受到别人的感觉,Empathy is to project your imagination so that you actually feel what the other person is feeling.,
把自己置身于别人的位置,You put yourself in the other person's place.,
我说得清楚吗？,Do I make myself clear?,
为何你那样做？,- Why did you do that?,
共鸣,- Empathy.,
我设身处地，感到你想被吻,I put myself in your place and I felt that you wanted to be kissed.,
你置身于错误的位置了,I'm afraid you put yourself in the wrong place.,
我没有渴望被你或任何人亲吻,"I have no desire to be kissed by you, or anyone else.",
每人都想被吻，即使是哲学家,"Don't be silly. Everybody wants to be kissed, even philosophers.",
抱歉，我们没有你找的东西,"I'm sorry, Mr Avery, we don't stock what you're looking for.",
我送你出去,I'll let you out.,
不用了，我自己走吧,Don't bother. I'll throw myself out.,
再见,Goodbye.,
你认为怎样？,"Well, Dovitch, what do you think?",
出色的模特儿，你认为是什么？,They're all good models. What have you got in mind?,
了不起的意念,A fantastic idea.,
以前没有人想过真是出奇,It staggers me that nobody's thought of it before.,
我要选一个女孩做优秀女郎,I'm going to select a girl to be the Quality Woman.,
她会成为杂志的代表,This one girl will represent everything the magazine stands for.,
好噱头，任何模特儿也能胜任,"It's a great gimmick. Well, any of these models would be alright.",
她不单要胜任，还要有气派,She's got to be more than alright. She's got to have pizzazz.,
巴黎设计师会为她设计时装,An entire collection is going to be designed for her by the greatest couturier in Paris.,
杜保罗？,- Paul Duval?,
对，杜保罗,"- Yes, Paul Duval.",
他会在开幕前让我们进行拍摄,And he's going to let us photograph the collection before the opening.,
我们会压倒所有其他杂志,We'll scoop every other magazine!,
你吃惊吧？,"- Staggers you, doesn't it?",
我难以置信,- I can't believe it.,
他会被其他时装杂志杯葛的,"Why, he would be barred from Harper's Bazaar and Vogue, and all the other fashion magazines!",
胡说，计划若成功我们便是英雄,"Nonsense. If the project comes off, we'll all be heroes.",
先看看我有什么，是优秀女郎,Wait till you see what I've got. The girl. The Quality Woman.,
玛莲...,"Oh, Marion's...",
忘记她，这是我提过的那个女孩,Forget about Marion. This is the other girl I'm talking about.,
书店那个东西？,That thing from the book shop?,
美琪，她是新人,"Maggie, she's new.",
有新鲜感,She's fresh.,
你疯了,You've gone out of your mind.,
不能否认她很独特，她是谁？,"One can't deny that she is, ehm, unusual. Who is she?",
别问，想起也会打颤的可怕女孩,"Don't even ask. The thought of her makes me shudder. Dreadful, dreadful girl.",
若这是个玩笑...,If this is some sort of joke...,
我们替她改头换面，她会很美的,"It's no joke. If we do her over and fix her up, she'd be great for us.",
她只会折磨我们,She'd devour us all.,
别这样 看她,"- Come on, Maggie. - Well, look at her.",
我觉得她的面孔很滑稽,I think her face is perfectly funny.,
优秀女郎要大方高贵和有气派,"The Quality Woman must have grace, elegance and pizzazz.",
我第一次看到你缺乏想像力,This is the first time I've seen you lack imagination.,
优秀的女孩全都高贵、有气派,"Every girl in Quality has grace, elegance and pizzazz.",
找个秀外慧中的女孩又如何？,"What about a girl with character, spirit and intelligence?",
那会是时装杂志的创新,That certainly would be novel in a fashion magazine.,
我会请你喝酒,"Sir, I owe you a drink.",
可否给我放大一点？,Can you make me some black and white enlargements?,
好的 用你的黑房吧,- Yes. - Use our darkroom.,
让我考虑一下 你认真起来了,- Let me study the possibilities. - Now you are talking.,
我没有答应什么 你不用的,- I'm not promising anything. - You don't have to.,
他像老板般指指点点,Runs around here like he owns the magazine!,
丽缇，记得书店那个怪物吗？,"Lettie, remember that creature in the book shop?",
叫她来，订购一些书籍,Get her up here. Order some books.,
她没法拒绝的大订单 50元？,"- A large order, so she can't refuse. - $50 worth?",
好，就50元吧,"Yes, $50 worth if necessary.",
50元叫她来，去巴黎要把她迷倒,$50 to get her up here. We'll have to drug her to get her to Paris.,
麻烦找毕小姐,"Er, Miss Prescott, please.",
丽缇出来 我送她订购的书本,"- Lettie, you'd better come out here. - I've got the books she ordered.",
毕小姐的秘书会接见你,Miss Prescott's secretary will deal with you.,
是你，进来吧,"Oh, it's you. Well, come on in.",
来吧,Come on.,
那些书来了,The books are here.,
进来,Come in.,
52.75元，加1.2元车费,"That'll be $52 and 75 cents, and $1.20 for the taxi.",
共53.95元,$53.95.,
把那些书放下,Drop the books.,
来吧，把它们放下,"Come on, drop the books.",
放在地上？,"- On the floor? - Yes, drop them.",
立正，肩膊向后,"Straighten up, shoulders back.",
你们要知道姿势是很重要的,If you girls only knew how important posture is.,
我不是来参加军校的,"Look, I didn't come here to enroll in a military school.",
我只想要53.95元,All I want is $53.95.,
"那本""莫迪里阿尼""是12.5元 那本""博斯画册""是22.75元","The Modigliani is $12.50, and the Braque and Hieronymus Bosch come to $22.75.",
"那本""后印象派主义者""是7元 那两本书要10.5元 总共52.75元加1.2元车费","$7 for the post-impressionists and $10.50 for The Egyptians - Fourth to Seventh Dynasties make it a total of $52.75, and there's $1.20 for the taxi.",
不停嘴的 身型不错,- Talks incessantly. - The body's good.,
经我们改造一下会更好,It'll be better when we get through with it.,
改造什么？,- Through with what?,
或许她行的,- She might do.,
行什么？,Might do what?,
骨格很好,The bones are good.,
别理我的骨格，给我53.95元,Suppose we leave my bones alone and give me my $53.95?,
眉毛提起，扫淡色粉,"The eyebrows up, a light powder.",
这里要加点红色，她要一张樱唇,I want a little rouge here. She needs a marvelous mouth.,
发型很差，一定要剪掉,The hair is awful. It must come off.,
可否告诉我这是什么一回事？,Would you mind telling me what all this is about?,
我们工作吧，脱掉那可怕的东西,"We may as well get started. Babs, get that dreadful thing off of her.",
等一会,"Now, wait a minute. Just a minute!",
不要，停手,Don't! Stop!,
我最后一次见你们这班疯子,This is my second and last encounter with you lunatics.,
你们不要碰我,"You just keep your hands off me, all of you.",
我送书来却被粗暴对待,I come here to make a simple delivery and I find myself being pillaged and plundered.,
我受够了，我不要剪发,"Well, I'll have no more of it. I don't want my hair cut.",
我不管眉毛高低，我要原来样子,I don't want my eyebrows up or down. I want them where they are.,
一张樱唇也没有优越的功用,And I see no functional advantage in a marvelous mouth.,
我要走了，若果有人阻止我 被剪头发的不会是我,"I'm leaving now, and if anyone makes a move to stop me there'll be plenty of hair cut, and it won't be mine.",
抓她回来，要活捉,"Bring her back, girls, alive!",
快点,Hurry up.,
快点，这边,Hurry. Over here.,
你看不到门外那盏灯吗？,"Hey, didn't you see that light outside?",
走投无路时顾不了这么多,"In desperation, one does not examine one's avenue of escape.",
原来是你,"Oh, it's you.",
若我损毁了底片，很抱歉,I'm sorry if I spoiled a print.,
不要紧，你为何会走投无路？,That's alright. What's all the desperation about?,
那些人,Those people.,
她们不顾人家的感受,They don't care about anyone's feelings.,
拉扯我的衣服，又剪我的头发,Pulling my clothes and cutting my hair.,
那个女孩在里面吗？,- - Is that girl in there?,
不要出卖我,Please don't give me away!,
或许你该给她们一个机会,Maybe you should give them a chance...,
我进来时没有人在这里,There was no one here when I came in.,
若你看到她，别让她走,"If you see her, hang on to her.",
好的,I'll do that.,
是我错，我认为你可以当模特儿,I'm afraid it's all my fault. I thought you'd make a good model.,
是你的主意？,This is your idea?,
对，你要告的人是我？,"Yeah, I'm the one you sue.",
我怎可以当模特儿？,"Oh, how could I be a model?",
我对外表没有幻想，我样子滑稽,I have no illusions about my looks. I think my face is funny.,
美琪也是那样说,That's what Maggie said.,
但她没有说错,"I hate to admit it, but she's right.",
你说滑稽，我说是有趣,"What you call funny, I call interesting.",
这想法太荒谬了,It's too ridiculous even to think about.,
我不能做的 让我作评判吧,- I couldn't do it. - Let me be the judge of that.,
若你不适合我也不会带你去巴黎,I wouldn't take you to Paris if I didn't think you'd work out.,
巴黎？,- Paris?,
是的，这样看吧...,- Yeah. Look at it this way.,
当模特儿也不是你想像般坏,Modeling may not be as bad as you think.,
你可以去巴黎见你的方教授,"If it is, you'll be in Paris. You can see your friend Professor Whosis.",
霍？,- Flostre? - Yeah.,
你可以跟他交谈和去他的讲座,You can talk to him and go to his lectures.,
那不算是个损失,That way it won't be a total loss.,
一个结束的途径,A means to an end.,
或是个开始，视乎进展如何,"Or a means to a beginning, according to how it works out.",
看一下,"Now, let's see.",
这个,There we are.,
不 有什么问题？,"- Oh, no. - What's the matter?",
你怎么用那个来塑造一个模特儿,How can you possibly make a model out of that?,
你不是认真的吧,You can't be serious.,
我完成后你就会像...,"When I'm done, you'll look like...",
你认为树木美丽？,What do you call beautiful?,
你会像一棵树,A tree. You'll look like a tree.,
请观赏我们的优秀女郎,"Ladies, feast your eyes on our Quality Woman.",
很漂亮！,Marvelous!,
抱歉我引起的麻烦，我不晓得,I'm sorry about the trouble. I didn't realise.,
由我道歉才对，我的态度恶劣,"My dear, let me do the apologizing. I behaved abominably.",
她会去巴黎，她迫不及待了,She's agreed to go to Paris. She can hardly wait.,
好极了！,Marvelous!,
这不是有失尊严，是结束的途径,"This is not a loss of integrity. It is a means to an end, and...",
没时间说了，在机上告诉我们吧,There's no time for talking. Tell us on the plane.,
大家快工作，要去巴黎了,"Alright, girls, we've got to get cracking.",
想游巴黎吗？,- Would you like to take a guided tour of Paris?,
我们不是游客,"- No no no, we're not tourists.",
我们像整天打呵欠的人吗？,Do we look like those people who run around gaping all day?,
他们不了解来这里工作的人,I guess they can't understand anyone coming to Paris to work.,
我们该马上回酒店休息,We should all go straight to our hotels and get some rest.,
我累透了 我感受得到,- I am exhausted. - I know how you feel.,
"我累得连说""我很累""都不行",I'm so tired it's an effort for me to say I'm tired.,
再见，我会联络你们,Goodbye.,
你好,Bonjour!,
怎么样？,"Well, how was that?",
杜，我听不到，我在用法文思考,"Duval! I can't hear myself think, and I'm trying to think in French.",
美琪 我又在打电话,- Maggie! - Ssh! I'm calling again.,
我不该替你设计新系列,I shouldn't design a collection for you.,
我快被著名时装杂志杯葛了 全为了一个没有出现的女孩,"I am jeopardizing my position with Harper's Bazaar and Vogue, all for a girl who does not appear.",
你不会被杯葛，放松点，她会来,You're too important for jeopardy. Relax. She will be here without fail.,
你说她十点钟来，现在五点半了,You said she would be here at ten this morning. It is now past five.,
她不在酒店 忘记她好了,- She's not at the hotel. - Forget about her.,
我们开始了宣传，没时间换人了,We've started the campaign. There isn't time to get someone else.,
她在哪里？,"Well, where is she?",
可能在铁塔顶或是塞纳河底,"Maybe at the top of the Eiffel Tower, or the bottom of the Seine.",
可能交通阻塞，我怎么知道？,Maybe she's in a traffic jam. How should I know?,
我会举行盛会替优秀女郎命名的,I'm throwing a shindig to christen the Quality Woman.,
让迪克在巴黎找场地吧,Leave it to Dick to find a delicatessen in Paris.,
从加州内珀村进口的,"Imported all the way from Napa Valley, california.",
佛罗里达出产的瓜,Melons from Florida.,
那位特别嘉宾在哪里？,About the guest of honour. Where is she?,
她怎样？,How does she look?,
如果她在就是隐形了,"If she's here, she looks invisible.",
她没有出现？,- She didn't show?,
没有,- She did not.,
这几位先生等着替她装扮,"These gentlemen are waiting to do her face, her hair.",
杜要量尺寸，她在哪里？,Duval needs measurements. Where is she?,
我有个主意,"I wouldn't like to swear in court, but I have a pretty good idea.",
别说出来,Do keep it to yourself!,
我明天早上十点带她来,I'll have her here tomorrow morning at ten o'clock without fail.,
请随便享用,"In the meantime, be my guests.",
全中,Strike.,
一定是这里了,This must be the place.,
谢谢你,Thank you.,
先生，芝芝想跳舞,"Monsieur, Gigi would like to dance.",
芝芝是谁？,- Who's Gigi?,
我是芝芝,- I am Gigi.,
改天吧，我来接太太和孩子,Some other time. I just stopped by to pick up the wife and kids.,
好味道的东西都没有营养,All that is delicious is not nutritious.,
贪婪的...,"Avaricious, av...",
我觉得有种敌意的感应,I feel a hostile vibration.,
那是我，对不起,That'll be me. Sorry.,
他做了很久吗？,Has he been that way long?,
三小时，是集中精神的至高境界,Three hours. It is the ultimate in concentration.,
停下来就很舒服,Feels so good when you stop.,
我深信在不足十年内... 人们会明白共鸣论才能达致和平,"I have no doubt in my mind that in less than ten years, people everywhere will know that only empathicalism can bring peace.",
靠了解达致和平是唯一真正...,Peace through understanding is the only real...,
你好吗？,"Well, hello, how are you?",
很好，谢谢，你呢？,"Just fine, thank you. How are you?",
你来了巴黎多久？,How long have you been in Paris?,
这是颜先生，这些是我的朋友,This is Mr Avery. These are my friends.,
你们好吗？,"How do you do, boys?",
可介意我单独跟这位小姐谈谈？,Would you mind if I had my own conversation with this lady?,
他们不懂英语 你在说英语,- They don't understand English. - You were talking English.,
很难解释的，是共鸣论的一部分,"It's hard to explain, but it's all part of empathicalism.",
我们不必用言语沟通,We don't have to communicate with words.,
他们通过我的感觉和声调理解我,"They understand me through the way I feel, and the tone of my voice.",
有点像狗 很明显你不明白,"- Sort of like a dog? - Obviously, you don't understand!",
谁请客？,Who's buying the wine?,
是我 我比你想像的更明白,- I am. - I understand more than you think!,
若你说那酒...,- If you're saying that the wine...,
给你看点东西,- Let me show you something.,
各位，你们像一班可怜虫,"Gentlemen, may I tell you that you look like a mess of worms?",
不单只像，你们简直就是可怜虫,"And that you not only look like, but you are, a mess of worms.",
我肯定你们在这里很多年 因为你们一走就会因流浪而被捕,"I'll bet you've been here all these years because if you left, you'd be picked up for vagrancy.",
很精彩 你不辩护了,- Bravo. - Your defence rests.,
不是很有趣，你不属于这里,This isn't funny. You don't belong here.,
你也不是，这正是我来的原因,"Neither do you, which brings us to why I'm here.",
先生，跟美美跳舞吗？,"Monsieur, you dance with Mimi?",
不了，我很忙，芝芝没告诉你？,"No, thanks, I'm busy. Didn't Gigi tell you?",
那样很无礼，拒绝跟美美跳舞,"That's very rude, refusing to dance with Mimi.",
我的国家是男士邀请女士跳舞的,"Where I come from, the man asks the girl to dance.",
你一定是来自石器时代的了,You must come from the Stone Age!,
这里思想开放，女士可随意邀舞,"We think freely here. If a girl wants to dance with a man, she asks him.",
我们不受过时的习俗约束,We're not inhibited by outmoded social conventions.,
我明白，你可有邀请男士跳舞？,I can see that. Do you ask men to dance with you?,
是时候你该明白 跳舞只是一种表达和释放的手法,Isn't it time you realised that dancing is nothing more than a form of expression or release?,
不需要拘谨或者造作,There's no need to be formal or cute about it.,
事实上，我现在想表达自己,"As a matter of fact, I rather feel like expressing myself now.",
也可以释放一下,And I could certainly use a release.,
你真是交游广阔和有影响力,"Well, you certainly made friends and influenced people.",
他们是共鸣学家,They're empathicalists.,
你老是说着共鸣，可有亲身体验,You talk a lot about this empathy. Ever do anything about it yourself?,
我不明白你的意思,I don't know what you mean.,
何不向我传送共鸣 我不明白,- Why not throw some empathy my way? - I still don't know what you mean.,
你没出现时可知道我的感受？,How do you think I feel when you don't show up for the job?,
我要为你负责的,I'm responsible for you.,
共鸣学家该感到我要找失业保障,An empathicalist should feel me asking for unemployment insurance.,
在哪里出现？,Show up where?,
他们在杜那里等了你一天,They've been waiting for you at Duval's all day.,
我不知道，没有人告诉我,I had no idea. Nobody told me.,
我们打了几小时电话找你,We've been calling you on the telephone for hours.,
我整天在咖啡室里，对不起,I've been at the cafe all day. I'm terribly sorry.,
我不想说得像人事部的语气 你该早点上床，摄影机不留情的,"Now, I don't want to sound like the personnel department, but you ought to get to bed early.",
我不想一辈子修饰你的照片,I don't want to spend my entire life retouching your pictures.,
工作完后你可以尽情闲聊,"When we're finished, you can spend all your time making small talk.",
闲聊？,Small talk?,
你以为裙子的领口... 才会引发震惊世界的言论？,I suppose you think the neckline of a dress makes for world-shaking conversation?,
你不理解的事情就叫做闲聊,"Anything you don't understand, you call small talk.",
你觉得霍怎样？,- What do you think of Flostre?,
别转换话题,- Don't change the subject.,
是一样的话题 我没见过霍,- It's the same subject. - I haven't met Flostre.,
没有？,You haven't?,
我以为你们已是老友,By now I thought you two'd be buddies.,
霍不去咖啡室的，除了特别活动,"You don't find Flostre in cafes, except on special occasions.",
不是研究共鸣的人都见过他的 也不是每个美国人都见过总统,"Not everyone interested in empathicalism meets him, any more than every American meets the President.",
获邀请到霍家是很大的荣幸 就像难得获邀请到...,"An invitation to Flostre's home is a great honour, and as hard to get as an invitation to...",
白宫,The White House.,
拿霍来开玩笑不是很有趣,I don't think jokes about professor Flostre are funny.,
好吧，我们友善点，我们要合作,No more jokes. But let's be friendly. We have to work together you know.,
合作无须友善，相识就行了,You don't have to be friendly to work together. Acquainted will do.,
现在我要去杜那里？,Am I supposed to go over to Duval's now?,
我说你会在早上十点半过去,I said you'd be there at 10:30 in the morning.,
我会去的 答应吗？,- I'll be there. - Promise?,
我说我会去就是了,"I said I'd be there, and I will.",
好的 我走了,"- Alright. - This is where I get off, good night.",
等一会，不要生气,Wait a minute. Don't go away mad.,
可否去散步，友善或相识一下？,"Can't we walk and get friendly, or better acquainted, or something?",
不，谢谢，我要睡觉了,"No, thanks. I've got to go to bed.",
我不想你一辈子修饰我的照片,I don't want you spending your life retouching my pictures.,
你是生气吧？,"You are mad, aren't you?",
我没有生气，我...,"No, I'm not mad, I...",
我是伤心失望... 和生气,"I'm hurt, and disappointed, and... ..and mad.",
他们做了几个小时,What are they doing? They've been in there for hours!,
有很多事情要做的,There was a lot to be done.,
他们像不高兴 也不是不高兴,- They don't look happy. - They don't look unhappy.,
我看不出，他们看似满意吗？,I can't tell. Do they look pleased?,
不像不满意 各位,- They don't look displeased. - Everyone.,
压轴表演 我很紧张,- Maybe this is the grand finale. - I'm getting nervous.,
你应该紧张的 坐下,- You should. - Sit down.,
各位看到一条平庸的毛虫走进来,"My friends, you saw enter here a waif, a gamin, a lowly caterpillar.",
虫茧破开，冒出来的不是蝴蝶,We open the cocoon but it is not a butterfly that emerges.,
不是？,- It's not?,
不是，是一只天堂鸟,"- No, it is a bird of paradise.",
开灯,Lights!,
开幕,Curtain!,
很美，难以置信 我说过什么,"- Beautiful! I don't believe it. - Maggie, what did I tell you?",
你漂亮极了，感觉怎样？,You look absolutely fabulous. How does it feel?,
很好，但这不是我,"It feels wonderful, but it's not me.",
那发型、裙子都很完美,"The hair, the dress. It's perfection.",
你看到我们下的一番心血吧？,You see how much we accomplish when you appear?,
留下来吧，周五杜会展出那系列,Try to stay with us for a while. Duval shows the collection on Friday.,
周四晚我们会介绍你给传媒认识,"The night before, we'll introduce you to the press.",
这是你的机会，是你的一晚,It is your great opportunity. It will be your evening.,
你会来吧？,- You will be there?,
当然会的,"- Yes, of course.",
迪克，你有一周时间替她拍照,"Dick, that gives you a week to photograph her.",
我要漂亮、有气派的照片,I want marvelous pictures. Give me a lot of pizzazz.,
带她去吧，别让她离开你的视线,"Take her, and whatever you do, don't let her out of your sight.",
照我的说话做，放心吧,"Now, just do what I tell you. Don't worry about it.",
高举那些汽球，我说跑时... 你就奔跑，不要放走汽球,"Now here, hold these balloons high in the air, and when I say ""run"", run as fast as you can and don't let the balloons go.",
奔跑和不要放走汽球,Run as fast as I can and don't let the balloons go.,
对，准备好了吗？,"Right. Now, ready?",
轻轻抬起头，你很开心,Head up a little. You're so happy.,
好，跑,"Alright, run!",
跑！ 什么？,Run!,
为何我总是...,"What? Oh, why did I ever... - What's wrong?",
有什么问题？ 我该跑到哪里,- I don't know which way to go.,
那边,That way.,
抱歉，我很紧张，我从没做过,"I'm sorry, I'm terribly nervous. I've never done anything like this.",
不用紧张，你在巴黎的杜伊勒利,"There's nothing to be nervous about. You're in Paris, the Tuileries.",
你拿着汽球，突然下雨你很开心,You've got balloons. There's a sudden shower. You're very happy.,
我为何开心？,- Why am I so happy?,
因我说你开心,- Because I say you are.,
你只须知道这个，你开心，跑吧,"That's all you have to know. You're happy. Now, run!",
好，很好,Great. That's great.,
停！,"Now, stop!",
好极了,Wonderful!,
今天你不开心,"Now listen closely, today you're not happy.",
我很伤心...,- I'm hurt and...,
一个悲惨的人,"- Right, now you're a creature of tragedy.",
心碎、难过，你是安娜卡莲娜,"Heartbroken, suffering. You're Anna Karenina.",
我可要跳到火车底？,Shall I throw myself under the train?,
看吧，要美妙、崇高的自我牺牲,"We'll see. For now, just wonderful, noble self-sacrifice.",
你的爱人刚跟你吻别,Your lover has just kissed you goodbye.,
你可能再感受不到那个吻和爱情,"You may never know that kiss again, or love again.",
马塞，加点泪水在她眼里,"Marcel, put some tears in her eyes.",
她已经眼泛泪光了,There are tears in her eyes.,
你不单是个模特儿，还会演戏,"Good. You're not only a model, you're an actress.",
采，来吧，伤心、渴望、凄惨,"Jo, give me the works. Heartbreak, longing, tragedy.",
弄湿嘴唇,Wet your lips. Good.,
好，喷蒸气 蒸气,"Alright. Now, la steam! La steam!",
很好，像电影一样,That's great. Just like the movie.,
可怜的安娜卡莲娜,Poor Anna Karenina.,
不要太多蒸气,"No, not too much steam.",
少一点蒸气，很好，对了,Cut down the steam. That's wonderful. That's it.,
好，给她一些花，满怀的花,Good. Now give her some flowers. Flowers.,
好，再来...,Alright. More. More.,
采，现在是春天，你在恋爱,"Alright, Jo, it's spring. You're in love.",
转身，好极,"Now, turn around. Fabulous!",
你正步出歌剧院 沉醉于特里斯坦与伊索尔达之爱,"Now, you're walking out of the opera, leaving to the lush passionate music of Tristan and Isolde.",
你很不开心 现在又怎样？,- You're very unhappy. - What happened now?,
在歌剧院有个约会，两个座位,A rendezvous at the opera. Two seats.,
他没有来，你很生气,He didn't show up. You're furious.,
我说走时，你怒气冲冲的下来,"When I say go, walk down with fire in your eyes and murder on your mind.",
弄湿嘴唇,Wet your lips.,
你是伊索尔达皇后，走...,"You're Isolde. You're a queen. Now, go, go, go!",
你很生特里斯坦的气,You're furious at Tristan.,
很好,That's great.,
今天你只是个普通女孩,"Today, you're just a simple little girl.",
你住在塞纳河上，想钓鱼做午餐,"You live on the Seine river, and you're trying to catch a fish for your lunch.",
采，钓鱼，你要做得像样点,"Jo, fish! I want you to look like you're fishing.",
我在尝试，但我从没钓过鱼,"I'm trying, but I've never fished before.",
当然了，不如你放风筝好了,That's quite obvious. You might just as well be flying a kite.,
别那么外行的样子,Don't look like such an amateur.,
你不是在钓鱼,You're just not fishing!,
我是的，有东西上钓,"I am, but it's caught on something.",
拉它上来,"Well, give it a yank.",
假装你钓到一条鱼，拉它上来,Pretend you caught a fish. Pull it out.,
好极了,Marvelous!,
我想你 我知道，我是个公主,- Here's what I want you to be. - I know. I'm a princess at a ball.,
那鸟儿是受了巫师咀咒的王子,"The bird is really Prince Charming, turned into a bird by a wicked sorcerer.",
但我们不想让它令舞会扫兴 就若无其事的继续跳舞,But we've decided not to let it spoil the ball and to go on dancing as if nothing had happened.,
你比我更出色了,You've outgrown me.,
现在吻他一下,"Alright. Now, give him a kiss.",
他是你的白马王子，开心一点,"He's your Prince Charming, isn't he? Well, get happy!",
好极了,That's a killer.,
马塞，灯光,"Alright, Marcel, lights!",
采，你在哪里？,"Jo! Jo, where are you?",
"你准备好就说""走""吧","Tell me when you're ready. Say ""go"".",
我准备好了，你想怎样？,I'm ready. What are you gonna do?,
"别理会我会怎样，说""走""吧","Never mind what I'm going to do. Just say ""go"".",
好，走,Alright. Go!,
天啊，你很漂亮,Holy Moses! You look fabulous!,
停,"Look, stop.",
停,Stop!,
不行，快拍照 停,- I can't stop. Take the picture. - Stop!,
我不想停，我喜欢这样，快拍,I don't want to stop. I like it. Take the picture.,
这是你的婚礼，你最快乐的一天,"Alright, this is your wedding day, the happiest day of your life.",
钟声响起，花儿盛放，天使高歌,"Bells are ringing, flowers blooming, angels singing.",
你深爱的男人在教堂里等你,The man you love more than anyone is inside the church waiting for you.,
有什么问题？,What's the matter?,
我穿着这件婚纱感到很虚伪,I just feel so dishonest standing here in this wedding dress.,
不是我快乐的一天，没有人等我,It's not the happiest day of my life. And there's no one's waiting for me anywhere.,
但你以前的造型也是虚构的,But you weren't Anna Karenina. The bird wasn't Prince Charming.,
求求你 我不明白,"- Please, Dick. - I don't understand.",
我明白,"Yes, I know.",
神父，我们不是来结婚的,"I'm afraid you got us wrong Padre, we're not here to get married.",
漂亮的新娘 这不是我的婚纱,- Such a beautiful bride. - This is not my dress.,
我们来拍照的,We're here to take some pictures.,
抱歉，我们该先征求你的同意,Perhaps we should've asked your permission first.,
没有婚礼？,No wedding?,
多可惜,"Aah, quel dommage!",
谢谢,Merci.,
采,Jo!,
抱歉，我不知道，我有何问题,I'm terribly sorry. I don't know what's the matter with me.,
算了吧，我们工作得太辛苦了,Forget it and relax. We've been working too hard.,
我们快回家了吧？,I suppose we'll be going home soon?,
对了，你想家,That's it. You're probably homesick.,
拍完最后这辑照片就完工了,"Well, just this last picture, then you'll be through.",
然后怎样？,- And then what happens?,
我们回家去,- We go home.,
然后呢？,And then? What do you mean?,
什么意思？ 我可会再见到你？,Will I see you any more?,
若你当模特儿，我可替你找工作,"And how! If you model, I can get you all the bookings you can handle",
我们每天合作 我会当模特儿,- We'd be working together every day. - I'll model. Good.,
好，我们会给你工作,We'll put you to work right now.,
站在这里，这是个好位置，好,"Stand here, please. There's a good place. Fine.",
很好,Lovely.,
微微侧起头,"Now, tip your head just a little bit.",
好，微笑,Good. A little smile.,
采,Jo. Yes?,
什么？ 确是有问题,Something is wrong.,
没有，为什么？,Why?,
你是我所见的最悲伤的新娘,You're the saddest looking bride I've ever seen.,
好像你被爱人抛弃似的,You look as if you've been jilted.,
这是你的婚礼,This is your wedding day.,
你梦想的一天，你要嫁给爱人了,The day you've dreamt of all your life. You're marrying the man you love.,
深爱着你的人,The man who loves you. He's the only...,
他是唯一的... 而你是...,And you're...,
我以为这件事永不会发生,"Oh Dick, I thought it would never happen.",
我不想回家，我爱巴黎,I never want to go home. I love Paris!,
我爱这些衣服和教堂，我爱你,I love these clothes and the little church. And I love you.,
你说什么？,What did you say?,
我爱巴黎,I love Paris.,
我刚才不是听到这个,That's not what I heard.,
我的天,"My, my, my...!",
真想不到,"Well, what do you know!",
雅雯，在树上吹点微风,"Armande, let me see a breeze in the trees.",
不要太强劲，我不要旋风,Not too much. I don't want a cyclone.,
喷泉,Fountains.,
真兴奋，它令我想大叫,It's thrilling! It makes me cry for the Carolines.,
巴基斯坦的通讯员答应出席了,The correspondent from Pakistan has just accepted.,
马德里的通讯员会出席,The correspondent from Madrid finally will be able to make it after all.,
伊斯坦堡那个人会来看表演,And the man from the Istanbul press will be at the presentation. Good.,
很好，采去了哪里？,"Now, where on earth is Jo?",
她来了,Here she is.,
谢天谢地，我以为你又失约了,Thank heavens. I thought you'd stand us up again.,
婚纱照拍得怎样？,- How did the wedding pictures go?,
很好,- Wonderfully.,
他是个出色的摄影师,"Yes, he's a marvelous photographer. All you have to do is sit there.",
你只要坐着，我向传媒致词 帐幕升起，你就令他们惊叹,"I make my speech to the press, the curtains will open and you dazzle 'em!",
给他们那股气派 我会尽力,- Give 'em the old pizzazz. - I'll try.,
我会介绍你给他们认识,"Afterward, I will introduce you to them personally.",
要迷人一点和解答他们的问题,Be charming and answer all of their questions.,
什么类型的问题？,"- Well, what sort of questions?",
很简单的,- It's remarkably simple.,
多年来我写过有关它的评论,I've been written editorials on it for years.,
身为一个女士...,As one lady to another...,
我们应该惺惺相惜的,We ought to look like one lady to another.,
他们想知道谁替你弄发型... 你的饮食习惯，你睡什么床单,"They'll want to know who does your hair, what you eat, drink, what sheets you sleep on.",
你是打扮的权威,You're the authority on how to be lovely.,
我要对他们说什么？,What am I going to tell them?,
听着，重复跟我说,Just listen and repeat after me.,
很漂亮！,"Ah, beautiful!",
这些不是我的衣服,These are not my clothes.,
为了今晚我首次见传媒而借的,They were lent me for tonight. I'm being presented to the press. Alors!,
你的照片会出现在每一份报纸？,Your picture will be in all the newspapers?,
是，他们还会问我很多问题,"Oh, yes. And they'll ask me all sorts of questions.",
天,Oh!,
你还是留下来陪我好了,"I think perhaps you had better stay here with me, huh?",
你们好,Hello!,
记得我吗？,Don't you remember me? Jo Stockton?,
施采,C'est Jo!,
他们说霍奕谋什么？,What were they saying about Flostre?,
他会在咖啡室演讲，他们迟到了,That he is speaking at the café and that they are late.,
颜先生五分钟后会到来,Mr Avery will be by in five minutes.,
叫他去咖啡室接我吧,Will you ask him to pick me up at the cafe?,
对不起，先生,"Pardon, monsieur.",
我是... 很抱歉,Je suis... terribly sorry.,
我...,- I...,
不要紧，小姐,"- Quite alright, mademoiselle.",
欢迎你,You're quite welcome.,
小姐,"Now, mademoiselle.",
我不能相信，我以为你很老,I can't believe it. I thought you'd be old!,
我是指一个哲学家和教授,"Well, I mean, a philosopher and professor.",
该是很老，我是指成熟,"It all suggests age. I mean, maturity.",
恐怕我令你失望了,I'm afraid I've disappointed you. Not at all.,
没理由杰出的人不可以是年轻的,There's no reason why someone brilliant shouldn't be young.,
我觉得我处于不利的位置,I find myself at an awkward disadvantage.,
你知道我是谁,You know who I am.,
除了你很迷人，我对你一无所知,"But except that you are very charming, I don't know you.",
我见到你很兴奋，忘了自我介绍,"I'm so excited about meeting you, I forgot to introduce myself.",
要是你知道我多渴望跟你交谈,If only you knew how anxious I am to talk to you.,
我是从纽约来见你的,I came from New York just to see you!,
我是你忠实的共鸣论信徒,You couldn't have a more loyal disciple of empathicalism than I.,
即是谁？,- Than whom?,
抱歉，我是施采,- I'm sorry. I'm Jo Stockton.,
施小姐，幸会,"I'm enchanted,... Miss Stockton.",
既然你远道而来要跟我交谈 那我们就谈吧,"And since you've come such a long way to talk with me, by all means, let's talk.",
有很多东西你可以教我们的,..there's so much you can teach us.,
我明年或会去的,I may go next year.,
你要来看看格林威治村,You must see Greenwich Village. It's our Left Bank.,
那里的人懂思考和做有用的事,"People there think, and do things. Useful things.",
你住在格林威治村？,- Do you live in Greenwich Village?,
是的,- Of course.,
那我会来，我们一起做有用的事,Then I will certainly come. Perhaps we can do useful things together.,
我肯定全美国都没有共鸣学者... 像你这么漂亮的,I'm sure that in all America there's no empathicalist as charming as you.,
我不想打扰的...,"Well, I hate to throw a wet blanket...",
亲爱的，你猜不到这个人是谁的,"Darling, guess who this is. You'll never guess!",
你的兄弟？,- Your brother?,
是霍教授,- Professor Flostre.,
颜迪克 教授？,- This is Dick Avery. - Professor?,
我以为你很老,I thought you'd be old.,
我也是，你惊奇吗 惊奇得很,- So did I. Aren't you surprised? - I'm overcome.,
为了你，我答应永不变老,"For you, my dear, I promise never to grow old.",
采，来吧 什么事？,"- Come on, Jo. - What's the matter?",
我们要去杜那里,We've got to get over to Duval's.,
你要走了？,Must you go so soon?,
我刚开始认识你,I was just beginning to know you.,
我可否留下？,Couldn't I stay?,
教授想跟我谈,The professor wants to talk to me.,
你以前都听过了 你疯了吗？,- You've heard it all before. - Have you lost your mind?,
稍后再谈那个吧 你干什么？,- We'll talk about that later. - What are you doing?,
我从没受过这么大的羞辱,I've never been so humiliated in all my life!,
你怎么了？,What's got into you?,
你知不知道...,Have you any idea...,
你怎可以这样粗鲁？,How could you be so rude?,
在霍教授面前令我尴尬,Embarrassing me in front of Professor Flostre!,
我怎样对他解释？,What am I going to tell him?,
什么也不用说，你不会再见到他,You're not gonna tell him anything. You'll never see him again.,
不会再见到他？,- Not going to see him again? - That's what I said.,
不错 等一会...,"Now, just a moment...",
我千辛万苦来见这个人,I went through all this nonsense to meet this man.,
所以我可以跟他谈话,So I could talk to him.,
我崇拜他的一切，他的思想,I worship everything he stands for. The way he thinks.,
不如你叫我永不吃东西好了,You might as well tell me never to eat again.,
先驱报派了个瑞典通讯员到来,The man from Herald Tribune has brought a correspondent from Sweden.,
越多越好 他们来了,"- The more the merrier. - They are here, Miss Prescott.",
叫他们肃静，我很快回来,"Get them quiet, Duval. I'll be right back.",
当男人像霍望着你般看女人时...,"When a man looks at a woman the way Flostre looks at you, it doesn't take any imagination...",
若你不这么认真，这事会很有趣,"If you weren't so serious, this would be terribly funny.",
我会检查灯光，然后致词,"I'll check the lights, then I make my speech.",
大家准备,"Everybody, ready!",
霍可能是个天才... 继亚里士多德后最伟大的哲学家,"Flostre may be the quiz kid of the centure, the greatest philosopher since Aristotle.",
但他也是个男人，不单是哲学家,But he's also a man. He's more man than philosopher!,
他对我的兴趣只限于学术性？,Are you suggesting that Flostre's interest in me is anything but intellectual?,
他跟我一样对你的才华感兴趣,He's as interested in your intellect as I am.,
各位传媒界的朋友...,"Ladies and gentlemen of the press, my friends.",
我邀请各位认识这位被选的女士 她会代表时装刊物翘楚... 优秀,"I have asked you here to meet the woman selected to represent the most discriminating publication in the world, Quality.",
我们忘记这件事，完成工作吧,Let's forget it and get this over with.,
忘记它？,Forget it?,
攻击霍就是攻击我的信念,Attack Flostre and you attack the things I believe in.,
幸好我们现在发现这些歧见,We're fortunate to have found out these things now.,
我肯定各位不会失望,I'm certain you'll not be disappointed.,
她很独特...,She is a rare creature...,
从数百人中挑选出来 她拥有美貌、高雅、大方... 不可言喻的气质,"chosen from hundreds for her appearance, her grace, her poise... and her ineffable charm.",
我们永远不能调解我们的分歧,We can never reconcile our differences.,
它们太基本了,They are too basic and too elemental.,
这不是讨论我们分歧的时候,This is not the time or place to discuss our differences.,
求你表演吧,"Please, let's get this show on.",
表演，我们的个人生活并不重要,"Yes, the show! Our personal lives couldn't matter less, could they?",
你坐下来好吗？ 别管我,- Would you please sit down?,
现在为大家介绍优秀女郎,May I present the Quality Woman!,
那是代表什么？,What does that one say?,
巴黎所有人都异口同声地大笑,All of them say the same thing. Everyone in Paris is laughing.,
我没有 这全是你的错,"- I'm not. - I should think you wouldn't be, this is all your fault.",
我知道，我讲错说话，她很生气,I know. I said some things last night I shouldn't have said. She got upset.,
情侣间争吵罢了 什么？,- Just a lovers' quarrel. - A what?,
你和那个女孩...,"- You mean, you and that girl...",
有何不可？,- Why not?,
不可能的，你在时装界工作,Impossible! You're in the fashion world.,
我们冷酷、人工化和缺乏感情,"We're cold, artificial and without sentiment.",
你怎能谈恋爱 我是害群之马,- How can you possibly be in love? - I'm a black sheep.,
我的系列又怎样？,What about my collection?,
没有她不行的,Without her I cannot show it.,
长裙都是她的尺码 我完蛋了,- The gowns were sewn on her! - I'm facing ruin!,
她会来的，她为人正直,"Don't worry, she'll show up. The girl has integrity.",
她充满德性，却不花在我们身上,She's filled with virtues. Only she's not wasting them on us.,
我去过咖啡室，她不在,"I went to the cafe, but she isn't there.",
那么她去了哪里？,So where is she?,
她在酒店，但不肯接听口信,"She's at her hotel, but she won't take messages.",
我贿赂接待员让我抄下她的口信,So I bribed the desk clerk into letting me copy her phone messages.,
10点15分，颜迪克来电,"""At 10:15, Dick Avery called.""",
11点30分，颜迪克来电,"""At 11:30, Dick Avery called.""",
12点16分，霍教授来电,"""At 12:16, Professor Flostre called.""",
混帐，无耻之徒,"Lousy, rotten good-for-nothing!",
今晚我家会举行国际哲学、诗词 歌曲和冥想聚会,"""Having an evening of international philosophy, poetry, song and meditation tonight at my salon.""",
诚意邀请你参加，霍奕谋,"""Would be delighted if you would join us. Emile Flostre.""",
她今晚会在那里,"Obviously, that's where she'll be tonight.",
不演出我的系列，我完蛋了,Not showing my collection. I'm ruined.,
我今晚去霍家带她回来,I'll go to Flostre's tonight and bring her back.,
带个情绪不太激动的人去，像我,And take someone who isn't emotionally involved. Like me.,
你们不能进去的,You'll never get in.,
共鸣学者对敌意感应反应很强烈,Empathicalists have a very firm way of dealing with what they call hostile vibrations.,
我们假扮成一对友善的人,Let's turn into a couple of friendly vibrations.,
不能力敌，只好智取,"Until we get in. As they say, if you can't lick 'em, join 'em.",
我够颓废吗？,- Do I look grubby enough? - Yeah.,
胡子怎样？,How's the beard?,
很有气派 来吧,- Full of pizzazz. - Come on.,
那个,La. Ah!,
来自佛罗里达的白加先生太太,Monsieur et Madame Barker de Florida. - Florida.,
佛罗里达 对，塔拉哈西市,- That's us. De Tallahassee.,
甜心，来吧 好，亲爱的,"- Come on, sugar. - Alright, darlin'.",
我不知道，我问问罢了,I don't know. I just asked.,
什么事？,- What's the matter?,
那首歌很好笑,- The song's a bundle of laughs.,
她刺死了爱人因为她憎恨他,She stabbed her lover because she hated him.,
那个可怜鬼死了... 他死了，她爱他,"Now that the poor thing is dead... ♫ Tout d'un coup, je savais bien Que je l'ai aimé",
这个孩子有点困惑,This kid's a little confused.,
现在她要扯平,Now she's gonna get even.,
她要自杀,- She's gonna kill herself.,
真悲惨 你可以再说一遍,- C'est tragique! - You can say that again.,
你！,Hey!,
看楼上,Look up the airstay.,
我们上错楼层了,"We're on the wrong floor. Un moment, s'il vous plaît.",
真正的白氏夫妇,"Oh-oh, the real Barkers.",
这是什么一回事？,Now what's this all about?,
不是从塔市来的 不是迈亚密,- They are not from Tallahassee! - They ain't even from Miami.,
我在塔市从没见过他们 我去过塔市每一个角落,"I've never seen these people in Tallahassee, and I have been in every corner of Tallahassee.",
开玩笑吗？,- Is this some sort of a gag?,
我知道他是谁,- I know who he is!,
她是时装编辑，赶他们出去,She's a fashion editor. Get 'em out!,
快点，否则霍先生会听到的,"At once, or Mr Flostre will hear about this.",
我们是巡回演出的心灵歌手...,"Now, wait, we're spiritual singers on a tour and...",
现在敌意感应消失了,Now the hostile vibrations have gone...,
听着！,Attendez!,
我们准备看你们的表演,We are ready for your show.,
要求演出 我们来吧,"- Command performance! - Come on, Mama. We're on.",
让他们看看气派,Let's give 'em the old pizzazz.,
塔拉哈西先生，怎么样？,"Well, Mr Tallahassee, how we doin'?",
我们是你们看过的最友善的感应,"Why, we's the two most friendly vibrations you ever seen.",
快摇动，看准猫儿,"♫ Hey, diddle diddle, the cat and the fiddle.",
碟子跟汤匙跑掉了,♫ The dish ran away with the spoon.,
可知道为何小鸡要过马路？,Do you know why a chicken crosses the road?,
不知道，为什么？,"No, why does a chicken cross the road?",
上二楼 你是个天才,"- Why, to get to the second floor! - You is a genius!",
玫瑰艳红，紫罗兰碧蓝...,"♫ Roses are red, the violets are blue,",
要展出那些裙子，我们去表演吧,♫ the dresses is gotta be showed. Let's get this show on the road!,
知识的满足是不存在的,Intellectual gratification is imperatively nonexistent.,
只有你才能达致潜质 够了,- Only you can fulfill that potential.,
你在这里 教授，我们需要你,"- Flostre, there you are. - Professor, we need you!",
你们来干什么？,What are you doing here?,
你们看来很滑稽,You look ridiculous!,
我们来见霍教授，我们需要指导,"We've come to see Flostre. Professor, Maggie and I need guidance.",
我们发觉我们过著庸碌的生活,We realize what futile aimless lives we lead.,
你们何时发觉的？,- When did you realize this? - Today.,
今天两点,At about two o'clock.,
在午餐后 教授，别相信他们,"- Just after lunch. - Professor, don't believe them!",
我们想坐在你脚下学习,We want to sit at your feet and learn.,
这样虽然无知，但我们愿意,"We sit at your feet, humble and ignorant, but so willing.",
你们别理会他的脚,You two just leave his feet alone.,
教授，他们想令你尴尬,"Professor, they want to make a fool of you.",
你是否想令他尴尬？,"- Are you trying to make a fool out of Flostre? - Who, me?",
我？,You're making things difficult.,
你弄巧反拙，你不拥有共鸣论,You don't own empathicalism.,
它是属于大众的,"It's in the public domain, isn't it?",
为何你相信他们 我熟悉他们,- Why don't you trust these people? - Because I know them well.,
我知道他们来此并非寻求指导,I know what they're here for and it is not guidance.,
别听她的，她是个小孩,"Don't listen to her, master. She is but a child.",
他们来找我，不是找你,"They came to see me, not you.",
要我去杜那里演出他们的系列,To get me over to Duval's to model their collection.,
我早该知道 你该听到他的话,- I should have known. - You should've heard what he said last night!,
若我们迟一点来你就会亲身发现,"If we'd come a few minutes later, you'd have found out for yourself.",
颜先生，你说够了,"You've said enough, Mr Avery.",
还没有，我没有说你是个骗子,Not yet. I haven't told you what a phony you are.,
快滚 我没准备离开,- Get out of my house. - I'm not ready to leave.,
我可以改变你的主意,I think I can change your mind.,
接着,- Catch! -,
不要,"Oh! Oh, no! Look what you've done!",
看你惹的祸，像个暴徒般闯进来,Bursting in here like a hoodlum!,
我没有碰过他 走开,- I never touched him. - Go away!,
是时候你负起你的责任了,It's time your waking up to some of your responsibilities.,
请你离开好吗？,Will you please leave?,
没有你杜不能展出他的系列的,"Duval can't show his collection without you, regardless what you feel about me!",
你不能这样对他和其他人,"You can't do this to him, or to all the other people involved!",
有数百人,Hundreds of people.,
我对你们的人没有兴趣,"I'm not interested in your people, than you are in mine!",
你的共鸣有点单方面 滚开,- Your empathy is a little one-sided.,
好了,Alright!,
我假设你是指我吧,"I assume you mean me, too?",
甜心，这个很可爱,"On you it looks cute, sugar.",
你会办妥一切,"Well, you certainly fixed everything!",
