cantonese,english
我要去瞓覺喇。,I have to go to sleep.
我話唔定做一陣就會放棄，走去瞓晏覺算。,I may give up soon and just nap instead.
我不嬲都鍾意啲神秘啲嘅人物。,I always liked mysterious characters more.
雖然佢講咗對唔住，但係我都仲係好嬲。,"Even though he apologized, I'm still furious."
我唯有係等。,I can only wait.
我愛你。,I love you.
聽日佢會喺月球著陸。,"Tomorrow, he will land on the moon."
聽日佢會喺月球降落。,"Tomorrow, he will land on the moon."
「老實講吖，其實我畏高㗎。」「正一無膽鬼！」,"""To tell you the truth, I am scared of heights."" ""You are a coward!"""
「電話響喎。」「我聽吖。」,"""The phone is ringing."" ""I'll get it."""
「唔該晒你喎。」「唔使唔該。」,"""Thank you for helping me."" ""Don't mention it."""
「你做咩唔去嘅？」「因為我唔想去囉。」,"""Why aren't you going?"" ""Because I don't want to."""
民主係最差嘅政治制度，除咗其他嘗試過嘅之外。,"Democracy is the worst form of government, except all the others that have been tried."
喂，唔錯喎屌你！,Damn! It's not bad!
你識唔識講意大利文㗎？,Do you speak Italian?
你有冇安全套呀？,Do you have a condom?
但係宇宙係無限㗎。,But the universe is infinite.
離呢到遠唔遠㗎？,Is it far from here?
擘大口！,Open your mouth!
我阿爸阿媽成日為埋啲芝麻綠豆嘅嘢喺度嗌交，真係煩到死呀！,My parents keep arguing about stupid things. It's so annoying!
我同你講嘢嗰陣望住我！,Look at me when I talk to you!
聖誕節快樂！,Merry Christmas!
「你攰做咩唔去瞓覺呀？」「因為我而家去瞓呢，就會早得濟醒㗎喇。」,"""If you're tired, why don't you go to sleep?"" ""Because if I go to sleep now I will wake up too early."""
我哋可以回顧過去，但係唔可以改變過去；我哋可以改變未來，但係唔可以預知未來。,"The past can only be known, not changed. The future can only be changed, not known."
如果一個宇宙簡單到可以俾人明白，咁就正正因為佢太過簡單，所以產生唔到明白到佢嘅意識體。,Any universe simple enough to be understood is too simple to produce a mind able to understand it.
啲人點解要去睇戲嘅？,Why do people go to the movies?
架車撞咗埋埲牆度。,The car crashed into the wall.
噉嘅字典至少都應該有兩句「雪櫃」嘅例句啩。,"In a dictionary like this one there should be at least two sentences with ""fridge""."
我已經決定咗喇。,I made my decision.
我哋有一位教宗。,We have a Pope.
你可唔可以晏啲再打電話嚟呀？,"Could you call again later, please?"
我已經三日無瞓過喇，真係攰到死呀！,I can't take it anymore! I haven't slept for three days!
喂，睇吓，有隻三個頭嘅馬騮呀！,"Hey, look, a three-headed monkey!"
鳩到講唔出口嘅說話就會變成歌詞。,Anything that is too stupid to be spoken is sung.
我哋已經玩完㗎喇，俾返隻戒指我啦！,It's over between us. Give me back my ring!
我聽日去圖書館溫書。,"Tomorrow, I'm going to study at the library."
對佢嚟講，「肚餓」係一個抽象嘅概念，因為佢根本就無試過肚餓。,"To him, hunger was an abstract concept; he always had enough to eat."
我唔會輸嘅！,I won't lose!
我想打乞嗤呀⋯⋯俾張紙巾我吖。,I think I'm gonna sneeze. Give me a tissue.
千祈唔好自殺。,Never try to die.
幾時食飯呀？好鬼肚餓呀！,When are we eating? I'm hungry!
"""多謝"" ""唔使唔該。""","""Thank you."" ""You're welcome."""
"""多謝""。 ""唔使唔該。""","""Thank you."" ""You're welcome."""
"""多謝你。"" ""唔使客氣。""","""Thank you."" ""You're welcome."""
兔仔對耳好長、條尾好短。,A rabbit has long ears and a short tail.
如果你借廿蚊俾人，之後就再見唔到佢，咁嗰廿蚊應該係值得俾嘅。,"If you lend someone $20 and never see that person again, it was probably worth it."
屌，邊條仆街半夜三更打俾我呀？！,"Holy crap, who's the asshole who dares call me in the middle of the night?!"
你仲喺度諗緊生命嘅意義呀？,You are still asking yourself what the meaning of life is?
睇吓個用戶名同密碼有無填錯。,Check that your username and password are written correctly.
唔好唔記得我哋呀！,Don't forget about us!
西班牙俾貼士要俾幾多到㗎？,How much do you leave for a tip in Spain?
我哋唔迫自己開心嘅話，應該都會幾開心吖。,If only we'd stop trying to be happy we could have a pretty good time.
人類可以穿越時空，速度仲好快添，每秒一秒。,We can travel through time. And we do at the remarkable rate of one second per second.
如果我哋知道自己做緊啲咩，咁就唔叫做研究啦，係咪先？,"If we knew what we were doing, it wouldn't be called research, would it?"
放低手！,Put your hands down!
唔重要㗎！,It's not important.
我一路期待緊㗎喇！,I was expecting it!
唔好唔記得張飛。,Don't forget the ticket.
你好靚呀。,How beautiful you are!
我唔知我有無時間搞呢件事。,I don't know if I'll have time to do it.
你咁樣衰，整容都冇用㗎喇。,Even plastic surgery won't do anything for your ugliness.
你面試面成點呀？,How did your interview go?
你見工見成點呀？,How did your interview go?
我以為自己睇錯。,I can't believe my eyes.
你唔攰呀？,Are you not tired?
你哋唔攰呀？,Are you not tired?
你唔知佢兩年前瓜咗老襯咩？,Didn't you know that he passed away two years ago?
你支持定係反對戰爭呀？,Are you for the war or against it?
如果你勤力啲學習，係有希望通過考試嘅。,"If you study earnestly, you can expect to pass the exam."
你係時候買返架新車喇喎。,It's time for you to buy a new car.
你應該學吓控制自己嘅情緒。,You should learn to restrain yourself.
你自己做過嘅嘢，就要自己負返責任。,You should be responsible for your actions.
你終於成功搵到工喇！,You finally succeeded in getting a job.
你自己嘅錢，鍾意點使咪點使囉。,You are free to do as you please with your money.
你抄書嗰陣抄漏咗一隻字喎。,You've left out a word in copying the textbook.
望咩呀望？,What are you looking at?
你望咩啫？,What are you looking at?
你應該努力啲讀書。,You should study harder.
你而家係大人嚟㗎喇，唔好再好似成個細路咁喇。,"Now that you are grown up, you must not behave like a child."
你仲未洗手喎，係唔係呀？,"You haven't washed your hands yet, have you?"
你點解想買呢本書呀？,Why do you want to buy this book?
你要筆錢嚟做咩呀？,What do you need the money for?
你一定要諗清楚你想做啲點嘅工。,You must consider what kind of work you want to do.
你好似好攰咁喎。,You look very tired.
你點識佢㗎？,How did you come to know her?
你做咩講埋啲噉嘅嘢呀？,Why did you say such a thing?
你俾咗邊個呀？,Who did you give it to?
你成日都做錯嘢。,You're forever making mistakes.
你後日一定要做完呢份功課。,You must get this homework finished by the day after tomorrow.
你識唔識讀呢個漢字呀？,Can you read this kanji?
你喺呢度簽個名就得㗎喇。,You have only to sign your name here.
你喺度簽個名就得㗎喇。,All you have to do is sign your name here.
你通常幾點起身㗎？,What time do you usually get up?
如果你諗住去美國嘅話，你最好練好你啲英文先。,You better brush up your English if you go to America.
你要食早餐啊。,You need to have breakfast.
你啲頭髮長得濟。,Your hair is too long.
你啲頭髮都好唔整齊噃。,Your hair really does look untidy.
你方便嘅時候嚟見我吖。,Come and see me when it is convenient for you.
我唔記得咗你個電話號碼。,I forget your phone number.
我唔記得咗你個電話號碼。,I forget your telephone number.
你生日就到啦噃。,Your birthday is drawing near.
你隻錶準唔準㗎？,Is your watch correct?
你隻錶慢咗十分鐘。,Your watch is ten minutes slow.
你啲文章寫得好好，但係有好多字串錯咗。,Your composition was good except for the spelling.
你間學校喺邊呀？,Where is your school?
如果唔係有你幫手，我生意一定唔會咁成功。,"If it had not been for your aid, I would not have succeeded in my business."
你啲英文進步咗好多。,Your English has improved a lot.
你唔好嬲我啦，我咁做都係為咗你㗎咋。,"Don't be angry with me, for I did it for your sake."
你一流嘅工作令我感到慚愧。,Your excellent work puts me to shame.
你件恤衫粒鈕就嚟甩喇。,Your shirt button is coming off.
你嗰班有幾多人㗎？,How many are there in your class?
我唔小心拎錯咗你把遮。,I took your umbrella by mistake.
感激不盡。,I can't thank you enough.
真係唔知點多謝你好。,I can't thank you enough.
我借呢本書畀你啊。,I'll lend you this book.
你實掂嘅！加油呀！我會支持你！,You can make it! Go for it. I'll stand by you.
佢同你一樣，打哥爾夫球都好勁。,"He, just like you, is a good golfer."
我唔鍾意你哋兩個去埋啲噉嘅地方。,I don't like both of you going to such a place.
你話咗俾我聽之後，我先知呢份文件有幾咁緊要。,I hadn't recognized the importance of this document until you told me about it.
你粒聲唔出，啫係唔滿意我嘅答案啦。,I take it from your silence that you are not satisfied with my answer.
一係你錯，一係佢錯。,Either you or he is wrong.
你諗住買嗰架車幾多錢㗎？,How much is the car you are planning to buy?
你成唔成功，就要睇吓你努唔努力喇。,Whether you will succeed or not depends on your efforts.
因為你唔夠努力，所以先會失敗。,The reason why you failed is you did not try hard enough.
你應該自己同老師講。,You should talk to the teacher yourself.
無咩嘢好味得過你整啲嘢食。,Nothing is so tasty as the dish you make.
你啱啱先食完晚餐，無理由咁快就肚餓嗰喎。,You can't be hungry. You've just had dinner.
我尋晚留喺屋企等聽你電話。,I stayed home last night to be able to receive your call.
計吓你用咗幾多錢買書。,Try to estimate how much you spent on books.
你信又好，唔信又好，對我嚟講無咩分別。,It makes little difference to me whether you believe it or not.
你一定會後悔㗎。,The time will come when you will be sorry for it.
我好掛住你。,I miss you very much.
呢封信係俾你㗎。,Here is a letter for you.
你唔明。,You don't understand.
麻煩你入屋之前除咗對鞋先吖。,Please remove your shoes before entering the house.
佢啱啱先食完晏，無理由會肚餓。,He cannot be hungry; he has just had lunch.
唔該你話我聽機場點去吖。,Please tell me how to get to the airport.
無咗空氣同水，人類就生存唔到。,Both air and water are indispensable for life.
月球表面冇空氣，所以冇風，亦都冇聲音。,Without air there can be no wind or sound on the moon.
空肚飲酒對身體唔好㗎。,Drinking on an empty stomach is bad for your health.
有錢人未必比窮人幸福。,The rich are not always happier than the poor.
嗰啲錢收埋咗喺地板下面。,The money was hidden beneath the floorboards.
我冇錢，但係我有夢想。,"I have no money, but I have dreams."
睇嚟好似冇晒錢囉喎。,It seems like there's no money left.
而家啲細路唔會通山跑㗎喇。,Nowadays children do not play outdoors.
雖然我同佢住得好近，但係都好少見到佢。,"Although her house is nearby, I seldom see her."
呢頭有無戲院㗎？,Are there any movie theaters near here?
緊急聯絡電話幾多號呀？,What is the emergency telephone number?
我想坐非吸煙區。,I would like to sit in the non-smoking section.
我一路切洋葱，啲眼淚就一路滮出嚟。,Tears came into my eyes when I was chopping onions.
個班房裏面剩返好少學生。,There were few students remaining in the classroom.
啲老師想俾啲動力班學生。,The teachers are trying to motivate their students.
唔好驚！,Don't be afraid.
啲警察根據現場留低嘅證物搵到個賊仔。,The burglar was traced by one of the things he had left on the scene.
我條喉俾魚骨骾親咗。,I got a fish bone stuck in my throat.
佢舊年開始喺嗰間公司度返工。,He began to work for that company last year.
我買咗兩枝牛奶。,I bought two bottles of milk.
牛食草。,Cattle feed on grass.
我一收到錢就即刻還錢俾你。,As soon as I get paid I will pay you back.
個侍應拎咗個新碟俾我哋。,The waiter brought a new plate.
我真係唔知笑好定喊好。,I don't know whether to cry or to laugh.
我趕時間嗰陣唔會喺呢到過馬路。,I avoid crossing the street here if I am in a hurry.
快手啲啦，我哋無乜時間淨㗎喇。,Hurry up. We've little time to waste.
快啲啦，如果唔係我哋就遲到㗎喇。,"Hurry up, or we'll be late."
放假玩得開唔開心呀？,Did you enjoy your holiday?
我可唔可以抖陣呀？,May I take a rest?
你放假諗住去邊度玩呀？,Where are you going to go on your vacation?
座山上面有一間屋。,There is a house on the hill.
虽然有逆境，建筑师仲系赢取咗享誉全球嘅荣誉。,"Despite adversity, the architect achieved worldwide fame."
虽然有逆境，建筑师仲系赢取咗享誉全球嘅名誉。,"Despite adversity, the architect achieved worldwide fame."
你應該要準備間房畀訪客。,You should prepare a room for the visitor.
食煙有害健康。,Smoking is harmful to health.
食煙對健康唔好。,Smoking is harmful to health.
你係醫生。,You are a doctor.
啲規則一定唔可以多，同埋更加重要嘅係一定要簡單。,"The rules must be few, and more importantly, simple."
我唔慣呢度啲天氣，太唔同喇。,I can't get over how different the weather is here.
睇住呀！嗰到有個大窿㗎。,Watch out! There's a big hole there.
算吧啦。,Forget it.
我返屋企嗰陣撞到佢。,I met him on my way home.
我咁夜先返真係對唔住呀。,I'm very sorry I came home so late.
你返屋企嗰陣順便嚟探吓我吖。,Please drop in at my house on your way home.
張枱下面有粒蘋果。,There is an apple under the desk.
我開心到彈咗起身。,I jumped for joy.
韓國菜一般都好辣。,Korean food is generally very spicy.
韓國菜出名辣。,Korean food is noted for its spicy flavor.
佢哋好快就拉埋天窗喇。,It won't be long before they get married.
個罐係吉嘅。,The can is empty.
如果啲乾草著咗火就大劑喇。,"If the hay caught fire, it would be a real disaster."
唔好踩落啲碎玻璃度。,Don't step on the broken glass.
玩得開心啲喇！,Enjoy yourself!
你玩得開唔開心呀？,Did you enjoy yourself?
佢讀書叻過晒佢啲朋友。,"In terms of learning, he is superior to all of his friends."
我讀書嗰陣成日參加英文演講比賽。,I would often take part in an English speech contest in my school days.
你讀邊間學校㗎？,Where do you go to school?
幾時放學呀？,When is school over?
學校會提供帳篷俾我哋。,The school will provide tents for us.
我好肯定係邊度見過佢，但係又唔認得佢。,"I am sure I met him somewhere, but I do not remember who he is."
唔同國家有唔同習俗。,Each country has its own customs.
我哋去市區食飯，跟住再睇返場戲吖。,Let's have lunch downtown and take in a show.
我冇乜心情出街。,I don't feel like going out.
梳好你啲頭髮先好出門口呀。,Comb your hair before you go out.
出去之前記住熄晒啲燈佢喎。,Make sure to turn off all the lights before going out.
你出國睇吓，先會知道日本係幾咁細。,It is not until you go abroad that you realize how small Japan is.
喺外國生活係學外語嘅最佳方法。,Living abroad is the best way to learn a foreign language.
唔好以貌取人。,Don't judge a person by his appearance.
幅畫遠啲睇好啲。,The picture looks better at a distance.
大家唔該望吓黑板。,"Look at the blackboard, everyone."
我打爛咗你個煙灰缸。,I broke your ashtray.
我哋返緊屋企。,We're on our way home.
間公司蝕緊錢。,The company is in deficit.
去出口個收銀處俾錢啦。,Pay the cashier on the way out.
會議會喺東京舉行。,The conference is to be held in Tokyo.
個會可唔可以喺兩個鐘頭之內開完呢？,Can the meeting be finished within two hours?
我哋俾成班蜜蜂攻擊。,We were attacked by swarms of bees.
我哋要詳細噉分析吓件事發生嘅前因後果。,We have to make a close analysis of the accident.
我哋輪流揸車。,We took turns driving the car.
我哋敲咗五分鐘門都冇人應。,"We knocked at the door for five minutes, but in vain."
我哋一粒飯都冇落過肚，一路做咗幾個鐘頭。,We kept on working for hours without eating anything.
我哋打啤牌消磨時間。,We killed time by playing cards.
我哋傾咗嗰個問題。,We discussed the problem.
我哋嘅結論就係，個傳言係真嘅。,We've come to the conclusion that this is a true story.
我哋買咗一磅茶。,We bought a pound of tea.
我哋啲會好少準時開始。,Our meeting rarely starts on time.
我哋已經準備好應付千年蟲。,We're thoroughly prepared for the millennium bug.
我哋組輸咗第一回合。,Our team lost the first game.
佢攰得濟，又唔夠瞓，卒之咪搞到病咗囉。,"What with fatigue and lack of sleep, he has fallen ill at last."
你執好晒啲嘢未呀？,Have you finished packing yet?
我打爛咗你個花樽，真係好對唔住呀。,I must apologize to you for breaking the vase.
個花樽裏面啲花係玫瑰嚟嘅。,The flowers in the vase are roses.
我幫啲花淋水淋嚟都無謂，因為我一淋完就開始落雨喇。,"I needn't have watered the flowers. Just after I finished, it started raining."
你星期二得唔得閒呀？,Are you free on Tuesday?
千祈唔好唔記得熄火。,Never forget to put out the fire.
佢起唔到火，唯有生勾勾噉食咗條魚。,"As he had no way of making fire, he ate the fish raw."
你鍾唔鍾意唱歌？,Do you like singing?
我可唔可以同屋企人一齊嚟㗎？,May I bring my family along?
如果唔係為咗養家，我會辭咗份工。,"If it were not for my family, I would give up this job."
我揸車送你返屋企啦。,I'll drive you home.
啲屋一間一間噉著咗火。,The houses caught fire one after another.
我返到屋企嗰陣好鬼肚餓。,"When I got home, I was very hungry."
我返緊屋企嗰陣撞到佢。,"On my way home, I met him."
我一返到屋企就開始落雨喇。,"As soon as I got home, it began to rain."
我漏咗張卡喺屋企。,I left my card at home.
吽喺屋企一啲都唔好玩。,Staying home isn't fun.
你唔覺得間屋喺度震緊咩？,Don't you feel the house shaking?
我放完暑假即刻就要考試喇。,I'll have exams right after the summer holidays.
唔知過咗咁多年佢仲認唔認得我呢？,I wonder if she will recognize me after all those years.
你幾點返屋企呀？,When will you come home?
你知唔知間舖頭幾點閂門呀？,Do you know what time the shop is closed?
你幾時返嚟呀？,When will you be back?
你點解咁諗嘅？,Why do you think so?
你做咩無嚟到嘅？,Why didn't you come?
你買咗啲乜嘢呀？,What did you buy?
買咗啲咩呀你？,What did you buy?
你maj咩㗎？,What's your major?
加油！,Come on!
你喺度諗緊啲咩呀？,What are you thinking about?
內容重要過表達方法。,What to say is more important than how to say it.
你想飲啲咩呀？,What will you have to drink?
飲乜嘢呀？,What would you like to drink?
我諗我搞得掂㗎喇。,I think I can handle it.
點解係我?,Why me?
我想飲啲凍嘢。,I want something cold to drink.
我想食啲嘢。,I want something to eat.
可唔可以俾啲嘢我食呀？我餓到暈咁濟喇。,Please give me something to eat. I am so hungry.
我可唔可以講兩句呀？,May I say something?
搞咩呀？,What's going on?
如果佢哋知道會發生埋啲噉嘅事，實會改用第二啲計劃啦。,"Had they known what was about to happen, they would have changed their plans."
你有冇養寵物㗎？,Do you have any pets?
如果我好夜都未返，你就自己瞓先啦，唔使等我。,"If I should be late getting home, please don't wait up for me."
唔該你較細聲啲吖。,"Turn down the volume, please."
你鍾意聽音樂多啲吖，定係唱歌多啲呀？,Do you like listening to music or singing songs?
唔好嘈呀，會嚇走啲雀仔㗎。,Don't make any noise or you'll scare the birds away.
我喊咗成晚。,I cried all night long.
我唔係同你講嘢，我係同隻馬騮講嘢。,I'm not talking to you; I'm talking to the monkey.
你同我講緊嘢呀？,Are you talking to me?
你唔好⋯⋯唔好噉同我講嘢。,You don't... you don't talk to me like that.
坐飛機去沖繩要坐幾多個鐘㗎？,How many hours does it take to go to Okinawa by plane?
個騎士發誓向國王忠誠。,The knight swore an oath of allegiance to the king.
橫濱係日本第二大嘅城市。,Yokohama is the second largest city in Japan.
隻手污糟嗰陣千祈唔好捽眼。,Never rub the eyes when the hands are dirty.
你可以拎呢本書走，但係唔好整污糟佢喎。,You may take this book as long as you keep it clean.
你有冇鉛筆呀？,Have you got a pencil?
舊石遠睇好似人樣。,"Seen from distance, the rock looked like a human face."
我想問吓火車站點行呀？,Could you please tell me how to get to the station?
車站就喺呢度附近。,The station is nearby.
佢係英國人，所以對英式用法同美式用法之間嘅分別特別敏感。,"As an Englishman, he is particularly sensitive to the differences between English and American usage."
英國好少地震。,They have few earthquakes in England.
你識唔識講英文㗎？,Can you speak English?
英文好難講得好。,To speak English well is difficult.
你啲英文學成點呀？,How are you getting along with your English study?
我會永遠同你喺埋一齊。,I'll be with you forever.
套戲好唔好睇呀？,Was the movie good?
套戲好唔好睇呀？,Did you enjoy the film?
啲電影全部都好悶。,All the films are boring.
個司機問我應該行邊邊。,The driver asked me which way to go.
佢啲駕駛技術好差，但係都勉強通過咗個駕駛考試。,He managed to pass his driving test even though he was a poor driver.
好似就落雨囉噃。我哋閂埋啲窗啦。,It looks like rain. We had better shut the windows.
如果唔落雨嘅話，你可以去踩單車。,You may go cycling if it doesn't rain.
報紙有冇話會落雨呀？,Did the newspaper say it was going to rain?
雨由琴晚開始一直落到而家。,It's been raining since last night.
我哋最好喺個天開始落雨之前出發。,We had better start before it begins to rain.
我諗就快落雨喇。,I think it's going to rain.
我唔鍾意落雨嗰陣出街。,I don't like to go outside when it's raining.
佢驚會落雨，所以就閂埋咗個窗。,He closed the window for fear of rain.
宇宙裏面係無空氣嘅。,There is no air in space.
我舉唔起隻右手。,I can't lift my right arm.
我隻右眼咩都睇唔到。,I can't see anything with my right eye.
唔好喺背後講人壞話。,Don't speak ill of others behind their back.
你唔應該喺背後講人壞話。,You shouldn't talk about people behind their backs.
我對佢一見鐘情。,She attracted me at first sight.
你係做錯咗，但係都唔可以怪你嘅。,"On the one hand, you are wrong, but on the other hand, I can't blame you for that."
不如唞吓先啦？,What do you say to taking a rest?
有啲大學教授好鍾意遲嚟早走。,Some college teachers come to class late and leave early.
我為咗搭頭班火車，晨咁早就起咗身。,I got up early in order to catch the first train.
我永遠都係睇咗體育版先。,I always read the sports page first.
最近嘅銀行喺邊呀？,Where is the nearest bank?
成晚又落吓雨，又停吓雨。,It was raining on and off all night long.
我請你飲嘢吖。,I'll buy you a drink.
用一年半載就精通到英文係冇可能嘅事。,It is impossible to master English in a year or so.
我記得我有一次喺街度見過佢。,I remember seeing her once on the street.
我諗極都諗唔起佢叫咩名。,"I'm trying hard, but can't think of her name."
一個人幫唔到一班人，但係一班人幫到一個人。,"One can't help many, but many can help one."
不如一齊去睇戲吖。,Would you like to go see a movie with me?
你一個禮拜沖幾多次涼㗎？,How often a week do you take a bath?
我等咗一個鐘，但係佢冇出現。,"I waited for an hour, but he didn't appear."
我已經等咗你成個幾鐘喇。,I've been waiting for you for over an hour.
我前日喺火車度撞到佢。,I met her by chance on the train the day before yesterday.
第一眼望落去，嗰條題目好似好易噉。,"At first sight, the question seemed easy."
唔該唱首歌啦。,Please sing a song.
第一，我冇錢，第二，我冇空閒時間。,"For one thing, I've no money, and for another, I've no leisure."
個醫生雖然已經盡晒力，但係個病人都係冇幾耐就死咗。,All the doctor's efforts were in vain and the man soon died.
你最好聽個醫生講。,You had better do as the doctor advised you.
你去睇咗醫生未呀？,Did you go to the doctor?
個分別係佢做嘢做得勤力過你。,The difference is this: he works harder than you.
我去過北海道。,I've been to Hokkaido before.
個天開始黑囉喎。唔該幫我開咗盞燈佢吖。,It's getting dark. Please turn the light on for me.
天都開始黑喇。返屋企囉！,It is getting dark. Let's go home.
個天黑咗之後就唔好俾佢出街喇。,Don't let her go out after dark.
個天好黑，但係我哋都搵到路返屋企。,"Dark as it was, we managed to find our way home."
有機菜咁多人鍾意係因為佢哋又安全又好食。,Organic vegetables are popular because they're safe and tasty.
有機菜安全好食，所以咁多人食。,Organic vegetables are popular because they're safe and tasty.
最後一個關於握手嘅小貼士：記住笑。,I have one final piece of advice related to handshakes: Remember to smile.
日頭唔好講人。,Speak of the devil and he is sure to appear.
壞習慣唔係咁易戒㗎。,It is not easy to get rid of bad habits.
壞習慣好難戒。,It is not easy to get rid of bad habits.
壞習慣好難改。,It is not easy to get rid of a bad habit.
一養成咗壞習慣，就好難改返正㗎喇。,"A bad habit, once formed, is difficult to get rid of."
我哋生活喺文明社會。,We live in a civilized society.
我哋逼咗入間細房度。,We were crowded into the small room.
我哋有某啲地方同佢哋唔同。,We differ from them in some respects.
我鍾意坐火車多過搭飛機。,I prefer traveling by train to flying.
我講極佢都唔信佢做錯咗。,I could not convince him of his mistake.
我有好多嘢要做。,I have a lot of work to do.
美國嘅首都係華盛頓定係紐約呀？,"Which is the capital of the United States, Washington or New York?"
唔該俾杯酒我吖。,I'd like to have a glass of wine.
洛杉磯係我想去嘅其中一個地方。,Los Angeles is one of the places that I'd like to visit.
支火箭而家應該已經到咗月球喇。,The rocket ought to have reached the moon by now.
而家嘅貸款利率好高。,Interest on loans is high at present.
我喺度搵緊啲講古羅馬歷史嘅書。,I'm looking for books on Roman history.
羅馬有好多古建築。,Rome has a lot of ancient buildings.
阿 Lucy 實會嚟嘅。,Lucy is certain to come.
琳達伸咗條脷出嚟。,Linda stuck her tongue out.
Linda好鍾意朱古力。,Linda loves chocolate.
有啲蘋果喺棵樹度跌咗落嚟。,Some apples fell down from the tree.
可唔可以借你部收音機俾我呀？,Can I borrow your radio?
聽聽吓收音機，我瞓著咗。,I fell asleep while listening to the radio.
可唔可以將部收音機較細聲少少呀？,Could you turn down the radio?
你有冇打火機呀？,Have you got a lighter?
你有冇打火機呀？,Do you have a lighter?
你冇嘢吖嘛？,You all right?
我成日都醒唔起佢個名。,Her name often escapes me.
你日日都係做埋啲一模一樣嘅嘢，乜唔會覺得悶嘅咩？,I wonder if you don't get tired of doing the same thing every day.
揸慢啲。,Drive slowly.
尋晚行雷閃電。,There was thunder and lightning last night.
我有好多嘢想做，但係就係無時間做。,I simply haven't the time to do everything I want to do.
我哋卒之都見面喇！呢一刻等到我頸都長喇。,"So, we finally meet! I've waited so long for this moment."
你應該食多啲菜。,You should eat more vegetables.
小心啲揸車呀，如果唔係就會出事㗎喇。,"Drive more carefully, or you will have an accident."
如果我哋有多啲時間咪好囉。,I wish we had more time.
你可唔可以揸慢少少呀？,Could you drive more slowly?
有冇人仲想食批呀？,Does anyone want some more pie?
你應該食多啲生果。,You should eat more fruit.
我一定會去探佢嘅。,I'll certainly go and see him.
梗係啦。,"Yes, of course."
佢哋當然有啲共通點。,Of course they resemble each other in some ways.
萬一佢遲到噉點算呀？,What if he should happen to be late?
俾着我就唔濟喇。,"If I were you, I wouldn't do it."
如果天氣好嘅話，我諗住聽日出發。,I mean to go tomorrow if the weather is fine.
如果有人嚟搵我，就同佢講話我出咗去。,"If anybody comes, tell him that I am out."
如果可以投胎嘅話，我想喺個有錢家庭度出世，咁就成世唔使憂喇。,"If I could be reborn, I would want to be the child of a rich family, then I'd be set for life."
我哋噉對佢，好似唔係幾好。,It would be unfair if we treated him so badly.
假設 A 同 B 之間有座好高嘅山，噉就要諗吓，條路應該跨過座山吖，穿過座山吖，定係直接兜過座山呢？,"If a high hill stood between A and B, it was important to decide whether the line should climb over it, pierce it with a tunnel, or make a detour to avoid it."
如果我唔喺限期之前搞掂，我就大檸樂喇。,There will be hell to pay if I don't make this deadline.
如果出咗咩事，即刻打電話俾我。,"In case anything happens, call me immediately."
如果你得閒嘅話不如一齊食飯吖？,"I'd like to invite you to lunch, if you're not busy."
佢聽到呢個消息，實會開心到彈起。,He would be very glad to hear the news.
如果你聽日唔去釣魚，我都唔去喇。,"If you do not go fishing tomorrow, I will not either."
你就算真係知道個真相，而家都係扮唔知好啲。,"Even if you know the truth, you had better pretend otherwise at present."
你打咗電話俾佢未呀？,Have you called her yet?
你寫好晒啲賀年咭未呀？,Have you written all the New Year's cards already?
你而家係大學生喇，應該努力啲讀書。,"Now that you're a college student, you should study harder."
夠鐘上床瞓覺喇。,It's time to go to bed.
我想瞓多陣。,I want to sleep a little more.
你可唔可以講慢少少呀？,"Would you speak more slowly, please?"
我爭啲唔記得咗。,I almost forgot it.
如果我哋再多少少錢，就買到嗰架車㗎喇。,We could have bought the car with a little more money.
夠鐘喇。,Time is up.
唔使喇，唔該。,"No, thank you."
你決定好未呀？,Have you arrived at a decision yet?
你可唔可以俾我試多一次呀？,Will you let me try once more?
我可唔可以食多嚿蛋糕呀？,May I have another piece of cake?
你要唔要多舊蛋糕呀？,Would you like another piece of cake?
就快三點喇。,It is almost three.
佢唔想係噉肥落去，所以咪戒食蛋糕囉。,"She does not eat cake, so as not to put on any more weight."
我哋都係唔好再見面喇。,It would be better for both of us not to see each other anymore.
食咗晏未呀？,Have you finished eating your lunch?
而家已經十一點喇。我一定要走喇。,It's already eleven o'clock. I must be leaving now.
過咗差唔多十年，你都仲係同以前一樣咁靚。,"It's been almost ten years, but you're as beautiful as ever."
瑪莉唔俾佢阿媽知，自己整咗一件蛋糕。,Mary made a cake without her mother's knowledge.
個餐牌有好多唔同種類嘅菜色。,There was a great variety of dishes on the menu.
阿 Mary 唔知同佢講啲咩先好。,Mary is at a loss what to say to him.
阿Mary咁硬頸，唔會識道歉架嘞。,Mary is too stubborn to apologize.
阿 Mary 就嚟生日喇，我諗住整件蛋糕俾佢。,I'm going to make a cake for Mary's birthday.
瑪莉到咗個巴士站嗰陣，架尾班巴士已經走咗喇。,"When Mary reached the bus stop, the last bus had already left."
我梗係信得過啦。我之前有冇俾過流料你吖？,Of course you can trust me. Have I ever given you a bum steer before?
企喺嗰度嗰個女仔就係 Mary 喇。,The girl standing over there is Mary.
喺嗰度游緊水嗰個男仔係邊個嚟㗎？,Who is the boy that is swimming over there?
賣晒喇！,All sold out!
成村人喺度等緊你呀。,Everybody is waiting for you.
大家都想坐喺佢隔籬。,Everybody wants to sit beside her.
你要喺佢哋返嚟之前做好啲功課。,Finish your homework by the time they return.
個個都好專心噉聽緊。,Everyone was listening very carefully.
迷你裙已經 out 咗啦。,Miniskirts have gone out of fashion.
一諗到好快就可以見到佢，我就好激動。,I felt a thrill of joy at the thought of seeing her soon.
媽咪呀，你做咩唔叫爹哋自己執返自己間書房嘅？,"Mum, why doesn't Dad clean his own study?"
我仲未知。,I don't know yet.
你仲有冇收集郵票呀？,Are you still collecting stamps?
我哋仲有大把時間剩。,We still have plenty of time left.
我講講吓嘢，佢就突然間收咗線。,He suddenly hung up the phone while I was speaking.
仲落緊雨。,It's still raining.
我仲未有機會睇嗰套戲。,I haven't had a chance to see the movie yet.
我仲未準備好。,I'm not ready yet.
你應該同你阿爸阿媽傾吓先。,"First of all, you should talk it over with your parents."
德蘭修女將筆獎金用咗喺佢喺印度同埋全世界嘅事業到。,Mother Teresa used the prize money for her work in India and around the world.
阿 Mike 成日喺度𠱓佢老豆買架車俾佢。,Mike is always nagging his father to buy him a car.
知道個真相嘅人淨係得幾個。,Only a handful of people know the fact.
我淨係見過佢一次咁大把。,I saw him but once.
懷特先生好似有好多朋友。,Mr White seems to have many friends.
Bob係我朋友。,Bob is my friend.
阿Bob又見番佢喇。,Bob saw him again.
阿 Bob 老豆喺女校教書。,Bob's father teaches at a girls' school.
男仔多數都鍾意棒球。,Most boys like baseball.
你有冇㩒到個掣呀？,Did you push the button?
粒鈕甩咗出嚟。,The button came off.
講嘢嗰陣唔好插隻手落個袋度。,Don't speak with your hands in your pockets.
我唔鍾意飲咖啡。,I don't like coffee.
我叫佢做「矮仔」，佢就嬲到紮紮跳。,He got mad at me for calling him Shorty.
你可唔可以俾啲錢我呀？,Can you give me some money?
我識一間好食嘅意大利餐廳。,I know a good Italian restaurant.
我支原子筆冇晒墨喇。,My ballpoint pen just ran out of ink.
阿 Paul 舊年賺咗好多錢。,Paul made a lot of money last year.
唔知阿Paul點呢？,I wonder what happened to Paul.
你買咗啲咩俾你男朋友呀？,What did you buy for your boyfriend?
你有冇筆呀？,Do you have a pen?
如果你要筆，我就借支俾你啦。,"If you need a pen, I'll lend you one."
揸電單車唔戴頭盔好危險㗎。,It is dangerous to ride a motorbike without a helmet.
貝絲好鍾意喺人哋講嘢嗰陣加把口落去。,Beth has a strong habit of interrupting people while they are talking.
我食齋嘅，所以如果可以嘅話我唔想食肉。,"I'm a vegetarian, so I'd rather not have meat, if that's okay."
我去個櫃檯度攞咗條鑰匙，跟住就搭𨋢去咗我間房嗰層樓。,"After asking for my key at the front desk, I took the elevator to my floor."
巴西講咩文㗎？,What is the language spoken in Brazil?
唔該你俾布朗先生個電話我吖。,Please give me the number for Mr Brown.
葡萄酒嘅味道好受天氣影響。,The taste of wine is largely dependent upon the weather.
我係鍾意食提子，不過咁多就真係食唔落。,"I like grapes, but I can't eat so many."
佢喺個泳池游水嗰陣整唔見咗儲物櫃條鎖匙。,"While swimming in the pool, she lost her locker key."
個樽入面已經冇晒水喇。,There is no water left in the bottle.
個樽入面仲有少少牛奶淨。,There is a little milk left in the bottle.
如果我唔喺度嗰陣有人嚟搵我，唔該你話佢知我好快返嚟。,"Should anyone call on me in my absence, tell him that I will be back soon."
我想同一個鍾意打機嘅女仔結婚。,I'd like to marry a girl who likes to play video games.
老師話畀我知希特勒自殺咗喇。,The teacher told me that Hitler killed himself.
可唔可以俾多支啤酒我呀？,"Could I get one more beer, please?"
我想要啲嘢嚟送酒。,I would like to have something to munch on with my beer.
可唔可以唱首披頭四嘅歌俾我聽呀？,Will you sing me a Beatles' song?
我應唔應該搵阿 Peter 幫手呢？,Shall I ask Peter for help?
麵包係用麵粉同水做嘅，有時仲會加埋發酵粉。,"Bread is made from flour, water, and often yeast."
兩個漢堡包同埋一罐可樂吖唔該。,"Can I have two hamburgers and a coke, please?"
淨係得中國先有大熊貓。,Giant pandas live only in China.
我打排球嗰陣篤咗魚蛋。,I sprained my finger while playing volleyball.
我真係好想去巴黎睇吓。,I'm dying to see Paris.
我記得喺巴黎見過佢。,I remember meeting him in Paris.
我唔肯定。,I don't know for certain.
巴士站喺邊呀？,Where's the bus stop?
佢一落車，就聽到有人叫佢個名。,"While getting off the bus, she heard her name called."
架巴士仲未嚟。,The bus hasn't come yet.
巴士司機有責任保護乘客嘅安全。,A bus driver is responsible for the safety of the passengers.
啲巴士司機今日罷工。,The bus drivers are on strike today.
我可能漏咗把遮喺巴士度。,I may have left my umbrella in the bus.
你搭巴士去嘅話，可以慳返三分二時間。,"If you go by bus, you can get there in about one-third of the time."
我哋個沖涼房淨係得一條浴巾。,There's only one bath towel in our bathroom.
佢一開始嗰陣都唔知自己贏咗場演講比賽。,At first he did not realize that he had won the speech contest.
我一開頭唔係好鍾意佢。,"At first, I didn't like him."
過馬路之前一定要睇清楚有冇車先。,Never go across the street without looking for cars first.
個桶底穿咗個窿。,There's a hole in the bottom of the bucket.
拉緊小提琴嗰個人係邊個嚟㗎？,Who is the man playing the violin?
嗱，鎖匙。,Here are your keys.
開 party 啲嘢就全部等你嚟搞喇。,I will leave everything about the party up to you.
唔該喺個生日蛋糕上面插幾支蠟燭吖。,Please put some candles on the birthday cake.
因為我好頸渴，所以我飲咗啲水。,"Since I was thirsty, I drank water."
我個喉嚨好似比火燒噉。,My throat burns.
我口渴到死。,I'm dying of thirst.
個花樽喺張枱度留低咗啲水跡。,The wet vase left a mark on the table.
失驚無神落大雨，搞到我全身濕晒。,I was utterly soaked by the downpour.
點解佢哋淨係話我？佢哋搵我嚟祭旗咋嘛。,Why am I the only one they complain of? They're just making an example out of me and using me as a scapegoat.
隻雀仔好靚喎！,What a beautiful bird it is!
你想同我傾啲咩呀？,What do you want to talk to me about?
佢好醒目，但係就唔係好幫到手。,"He may be clever, but he is not very helpful."
做咩事都要做到最好。,"In doing anything, you must do your best."
我仲係單身。,I'm still single.
佢尋日做咩唔嚟嘅？,What prevented her from coming yesterday?
佢做咩好似好唔開心咁嘅？,Why is it that she looks so sad?
你做咩唔同佢跳舞嘅？,Why didn't you dance with him?
你做咩好似好唔開心噉嘅？,Why are you looking so sad?
你做咩喊呀？,Why are you crying?
你做咩粒聲唔出嘅？,How come you didn't say anything?
你做咩搵隻手嚟搣塊布，唔用較剪剪呀？,Why did you tear the cloth instead of cutting it with scissors?
點解？,Why?
你點解咁講嘅？,Why do you say that?
你點解唔信我呀？,Why didn't you believe me?
你今朝做咩遲到嘅？,Why were you late this morning?
唔該你借把刀俾我吖。,Please lend me your knife.
你用咩方法都好，結果都係一樣。,"However you do it, the result will be the same."
係人都做到啦。,Anyone can do that.
咁簡單嘅嘢三歲細路都識啦。,The smallest child knows such a simple thing.
今年興啲咩款嘅外套呀？,What sort of coats are in fashion this year?
無論個結果會係點，我都唔會改變我個計劃㗎喇。,"Whatever results may follow, I will carry out my plan."
你跑得幾快都追唔上佢㗎喇。,"No matter how fast you run, you won't catch up with him."
佢出盡晒力都開唔到嗰道門。,"No matter how he tried, he could not open the door."
發生咩事都好，我點都唔會出賣我班朋友。,I will never sell my friend down the river for anything in the world.
唔該可唔可以幫我喺多倫多國際機場附近book間房呀？,Would you please reserve a room near the Toronto international Airport?
隨便攞件蛋糕啦。,Take whatever cake you want.
阿Tom好後悔自己虛度咗咁多光陰。,Tom regretted having wasted a great deal of his life.
阿Tom跑得好快。,Tom can run fast.
阿Tom打爛咗個窗。,Tom broke the window.
阿Tom打爛咗個窗。,Tom broke the window pane.
阿Tom本來諗住朝頭早早啲出發，點知瞓過咗龍。,"Tom expected to leave early in the morning, but he overslept."
阿Tom好似舊石頭咁，一啲都唔識游水。,Tom can swim no more than a stone can.
阿Tom以前從來都唔食煙㗎，不過而家開始食咯。,"Tom never used to smoke, but he does now."
阿Tom係個學生。,Tom is a student.
阿Tom人好老實，我鍾意佢。,"As Tom is honest, I like him."
Tom仔好老實，唔識講大話。,Tom is too honest a boy to tell a lie.
阿Tom游水好勁。,Tom is able to swim well.
阿Tom好鍾意整蠱我。,Tom enjoys playing tricks on me.
阿 Tom 返咗鄉下。,Tom went back to his hometown.
湯姆係呢隊棒球隊嘅隊長。,Tom is the captain of this baseball team.
阿Tom同佢老豆一樣咁高。,Tom is as tall as his father.
阿 Tom 一開電視就跳咗 fuse。,No sooner had Tom turned on the TV than the fuse blew.
愛迪生發明咗電燈膽。,Thomas Edison invented the light bulb.
個個男仔都有架單車。,Each boy has a bike.
你以前住邊間屋㗎？,Which house did you live in?
有啲咩病徵㗎？,What are the symptoms?
Tony幾多歲呀？,How old is Tony?
阿 Tony 打網球真係好勁呀！,What a good tennis player Tony is!
我攰到行唔郁喇。,I'm so tired that I can't walk any longer.
我攰到行唔郁喇。,I'm too tired to walk any longer.
雖然天氣好凍，但係個細路都無著到外套。,The child had no overcoat on although it was very cold.
你好似好開心咁喎。,You look very delighted.
你心情好似好靚咁喎。,You look very delighted.
個天突然間開始變黑。,The sky suddenly began to darken.
邊本書係你㗎？,Which book is yours?
任你揀。,You may choose whichever you like.
我應該由邊個開始咧？,Which shall I begin with?
話時話，你今晚得唔得閒呀？,"By the way, are you free tonight?"
係啦，你住喺邊度呀？,"By the way, where do you live?"
吖，係啦，可唔可以俾你個地址我呀？,"By the way, what is your address?"
係喇，我有啲嘢要話你知。,"By the way, I have something to tell you."
話時話，我有啲嘢要同你講。,"By the way, I have something to tell you."
我去到邊都帶住部相機。,I take my camera wherever I go.
無論喺咩地方，過馬路之前都應該望清楚左右先。,It's a good rule to look both ways before you cross the street anywhere.
你可唔可以話我知我錯喺邊呀？,Will you tell me where I am wrong?
我好似喺邊到見過你。,I remember meeting you somewhere.
有咩唔同呀？,What's the difference?
我驚聽日會落雨。,I'm afraid it will rain tomorrow.
我好似發燒呀。,I seem to have a fever.
可唔可以舉幾個例子呀？,Please give us some examples.
小心揸車呀。,Please drive carefully.
隨便食吖。,Please help yourself.
隨便坐啦，當自己屋企得喇。,Please make yourself comfortable.
你點識佢㗎？,How did you get to know him?
佢做咩無嚟到嘅？,What prevented him from coming?
佢做咩失驚無神問埋啲咁認真嘅問題嘅？,Why all of a sudden did he ask me such a serious question?
你做咩唔出聲呀？,How come you say nothing?
你點知㗎？,How did you come to know it?
唔知點解我硬係無心機做嘢。,For some reason or other I cannot bring myself to work.
食煙唔該去出面食吖。,"If you are going to smoke, please go outside."
你做咩油咗張長凳做紅色嘅？,Why did you paint the bench red?
你做咩咁夜先嚟探我哋呀？,How come you call on us so late at night?
唔該你打電話話個結果俾我聽吖。,Please let me know the result by telephone.
可唔可以幫我攞張紙嚟呀？,"Bring me a sheet of paper, please."
請你寫低你嘅真實經驗。,Please write about your real experience.
廁所喺邊呀？,Where is the toilet?
洗手間喺邊？,Where is the toilet?
廁所喺邊？,Where is the toilet?
廁所喺邊？,Where's the toilet?
冇晒廁紙喇。,There's no toilet paper.
我諗唔起「多謝」用德文點講。,"I can't remember how to say ""Thank you"" in German."
德國喺荷蘭隔籬。,Germany adjoins the Netherlands.
我俾咗張飛個看門員睇，跟住就走咗入間戲院度。,I showed my ticket to the doorman and went into the theatre.
我開門嗰陣將個門柄擰甩咗。,"I tried to open the door, and the doorknob came off."
求吓你開門俾我入嚟啦。,"Open the door and let me in, please."
唔該你打開道門吖。,Please open the door.
你可唔可以唔好開住道門呀？,Would you please not leave the door open?
我唔見咗條門匙，所以我入唔到間屋。,"I lost the door key, so I can't enter the house."
我睇埋電視先去做功課。,I'll do my homework after I watch television.
可唔可以將部電視較細聲少少呀？,Could you please turn your television down?
而家啲細路唔鍾意睇書㗎喇，真係多得啲電視機唔少。,"Thanks to television, boys and girls are apt to neglect reading books."
你介唔介意我開電視呀？,Can I turn on the TV?
唔好意思，我要走喇。,I am afraid I must be going now.
我鍾意打網球。,I like playing tennis.
我盡量留肚食甜品。,I'm trying to save room for dessert.
我有機會會盡快見佢。,I'll meet him at the earliest opportunity possible.
我將啲空閒時間冚辦爛攞晒嚟睇書。,I spend what time I can spare reading.
張枱上面嗰部計數機係我嘅。,The calculator on the table is mine.
張枱上面有幾多本書呀？,How many books are there on the table?
我搵唔到阿Tim喎。,I can't find Tim.
佢哋一個又一個噉企咗起身，行咗出去。,One after another they stood up and went out.
阿 Paul 啱啱打咗電話比我。,Paul telephoned just now.
大就可能大咗小小，不過呢個信封冇問題㗎喇。大得濟好過細得濟吖嘛。,It might be a bit big but this envelope will do just fine. It's better to be too big than too small.
俾我睇吓。,Let me see it.
俾我睇吓你部錄影機。,Let me have a look at your video camera.
唔該攞兩支粉筆畀我。,Please bring me two pieces of chalk.
我就快走喇。,I'm about to leave.
你應該食啲嘢先走。,You should eat something before you go.
我冇飛。,I don't have a ticket.
啲飛一個禮拜都唔使就賣晒喇。,The tickets sold out within a week.
售票處喺邊呀？,Where can I buy tickets?
邊度有得買飛呀？,Where can I buy tickets?
呢排啲天氣愈嚟愈涼爽喇。,It is getting cooler and cooler.
同人哋握手嗰陣，一定要有眼神接觸。,"When you shake hands with somebody, you must look him in the eye."
有人喺呢本書到搣咗兩頁落嚟。,Someone has torn two pages out of this book.
兩公婆應該得閒去浸溫泉，過吓二人世界。,Sometimes it's good for a married couple to go to a hot spring together—just the two of them.
我開會嗰陣咁啱得咁橋坐正喺佢隔籬。,It happened that I sat next to her at a meeting.
你應該食少啲煙。,You should smoke less.
我食煙有時純粹係因為手痕。,Sometimes I smoke just to give my hands something to do.
佢去咗名古屋公幹。,He's gone to Nagoya on business.
隻紙鷂𠽤咗喺棵樹度。,The kite got caught in the tree.
我舉高咗隻手嚟截的士。,I held up my hand to stop a taxi.
如果你想俾啲貼士個的士司機，就俾多啲錢佢，跟住同佢講「唔使找」。,"If you want the taxi driver to have a tip, hand him too much money and say, ""Keep the change."""
因為我哋架的士喺途中死咗火，所以我哋要行路去個火車站度。,"As our taxi broke down on the way, we had to walk to the station."
所以我咪叫你咪鬼搭車去囉。,That's why I told you not to go by car.
所以我哋都係留喺屋企啦。,So we'd better stay home.
係又點呀屌你老母？,So fuckin' what.
所以我咪叫你唔好一個人去囉。,That's why I told you not to go by yourself.
如果你有一部時光機⋯⋯,Imagine that you have a time machine.
喺泰國，湊仔湊女唔係阿爸嘅責任，而係由阿媽一個人搞掂晒嘅。,"In Thailand, bringing up the children isn't the father's responsibility; it's entirely up to the mother."
我通常踩單車返學⋯⋯哎呀，講錯咗，應該係返工至啱。,I usually ride my bike to school. I mean to the office.
雞蛋係一打一打咁買嘅。,We buy eggs by the dozen.
佢講埋啲噉嘅嘢，實係痴咗線喇。,He must be crazy to say such a thing.
呢個只不過係個藉口。,That's just an excuse.
做嘢咁搏命為乜啊？,What's the sense of working so hard?
佢行咗咁遠路，啲腳力實好好喇。,He must be a good walker to have walked such a long distance.
你行得咁快，我跟唔到呀。,I can't keep up with you if you walk so fast.
唔使急，仲有大把時間。,There's no need to panic. There's plenty of time.
唔好問埋啲咁戇居嘅問題嚟煩我啦。,Don't bother me with such foolish questions.
冇可能係真嘅。,That can't be true.
佢實係嬲得好犀利喇，如果唔係佢唔會講埋啲噉嘅嘢㗎。,He must be very angry to say such a thing.
話俾我聽點解你要噉做。,Give me a reason for doing such a thing.
唔好怪佢。,Don't blame it on her.
我可唔可以食少少呀？,May I eat a little of it?
絕對唔可能甘做。,It is impossible to do it.
我唔知要點做。,I don't know how I should do it.
我哋大家都好清楚呢件事一定係佢做嘅。,Everybody knows for sure that it was he who did it.
唔係我哋做㗎。,It's not us who did it.
呢啲書唔係我嘅。,They aren't my books.
你可以用肉眼睇星星，用望遠鏡嘅話，仲可以睇得清楚啲添。,"You can see the stars with your naked eye, and even better through a telescope."
真係可惜！,What a shame!
呢個唔貴。,It isn't expensive.
同以前比，已經進步咗好多。,It has greatly improved compared with what it was.
嘩！咁抵？！,Wow! That's cheap!
我以為係好主意。,I thought that would be a great idea.
冇用嘅。,That won't work.
對我嚟講無咩分別。,It's the same to me.
呢個咩嚟㗎？,What is it?
個責任應該由你嚟孭。,It is you that are to blame for it.
包唔包埋早餐㗎？,Does that include breakfast?
我俾一日時間你考慮。,I'll give you a day to think about it.
決定咗我就會話俾你聽㗎喇。,I'll let you know when it has been decided.
睇吓！佢嚟咗喇！,There! She comes!
唔該你將個故事由頭到尾講晒俾我地聽。,Tell us the story from beginning to end.
話俾我聽啦，我好想知呀。,Tell me about it. I'm all ears.
個阿伯坐擁巨額身家。,The old man possesses great wealth.
架火車準時嚟到。,The train arrived on time.
架火車行緊五十咪。,The train is traveling at the rate of 50 miles an hour.
架火車每個鐘行緊五十咪。,The train is traveling at the rate of 50 miles an hour.
架火車每個鐘行緊五十英里。,The train is traveling at the rate of 50 miles an hour.
個遊樂場起咗十年先至起好。,It took ten years to build the amusement park.
我用一個字就計好咗條數。,The solution of the problem took me five minutes.
呢個問題擺埋一邊先。,That problem has been shelved for the time being.
呢個問題等下次開會先傾。,The matter will be brought up at the next meeting.
呢個問題關你事多過關我事。,The problem has more to do with you than with me.
呢樣嘢遲啲先搞。,Let's leave that matter for later.
呢樣等遲啲先。,Let's leave that matter for later.
棵樹生得好高喎。,The tree grew very tall.
你有冇睇晒成本書呀？,Did you read the whole book?
唔好意思呀，呢本書賣晒㗎喇。,"Sorry, the book is out of stock."
嗰本書有好多版。,That book had a lot of pages.
唔好挨埋埲牆度。,Don't lean against the wall.
呢種物質好輕，可以浮喺水面。,The substance is light enough to float on the water.
你做咩唔試吓條裙先買嘅？,Why didn't you try the dress on before you bought it?
間房有無浴缸㗎？,Does the room have a bath?
間房冇傢俬。,The room was devoid of furniture.
你直接撕開個箱咪得囉。,You can tear the box open.
嗰個箱細得濟喇，擺唔落呢度咁多嘢。,That is too small a box to hold all these things.
天氣每日都喺度變緊。,The weather varies from day to day.
個阿哥同個細佬一啲都唔似樣。,The two brothers are quite unlike in their appearance.
嗰班人成功噉爬咗上山頂，但係返嚟嗰陣就出咗事。,"The Alpinists carried out the ascent, but they did not return safely."
你掂嗰條電線就會觸電㗎喇。,"If you touch that wire, you will receive a shock."
單消息令佢驚訝到唔識講嘢。,"Shocked at the news, she couldn't speak."
佢有可能係俾人謀殺嘅。,There's a possibility that the man was murdered.
個人嘗試裝自己條天線。,The man tried to install his own antenna.
嗰個男人搶走咗Susan身上所有嘅錢。,The man robbed Susan of all her money.
我唔係好肯定呢個字應該點讀。,I am not sure how to pronounce the word.
啲噪音愈嚟愈大聲。,The noise is getting louder and louder.
嗰場仗死咗好多人。,"As a result of the war, many people died."
你有冇試過喺條河度溜冰呀？,Have you ever tried skating on the river?
個老師對班學生影響好大。,The teacher has a great influence on his pupils.
呢兩個學生測驗都係全部合格。,Both those students passed all the tests.
個學生俾個老師望到周身唔自在。,The student became very nervous with the teacher watching him.
唔係好多人有嚟。,There were not many present.
個城堡改造咗做一間好靚嘅博物館。,The castle was transformed into a marvelous museum.
隻大笨象好受小朋友歡迎。,The elephant is liked by little children.
嗰個男仔連自己個名都唔識寫。,The boy could not so much as write his own name.
個男仔連襪都未除就走咗去瞓覺。,The boy went to bed with his socks on.
我好後悔以前無好好咁對佢。,I wish I had treated the girl more kindly.
個女仔同佢阿媽好似樣。,The girl resembles her mother.
間屋仔睇落好似冇人住噉。,The cottage looked as if nobody were living in it.
嗰位小姐喺一個月之前搬咗嚟呢度。,The lady moved here a month ago.
個女仔一見到隻狗就喊咗出嚟。,The girl began to cry at the sight of a dog.
架車泊咗喺座大廈前面。,The car is parked in front of the building.
呢個問題好難答。,The question was too difficult to answer.
個鐘每日都會快五分鐘。,The clock gains five minutes a day.
我嗰陣時唔知點做先好。,I didn't know what to do then.
因為佢唔小心，所以先會出事。,The accident was brought about by his carelessness.
出事嗰陣巴士上面啲乘客差唔多全部都瞓晒覺。,Almost all of the passenger in the bus were asleep when the accident happened.
你千祈唔好講呢件事俾你阿爸阿媽聽。,You mustn't tell that to your parents.
佢為件玩具而好自豪。,He is very proud of his toy.
個細路一見到阿媽就喊咗出嚟。,No sooner had the child seen his mother than he burst into tears.
個家姐同個細妹好似樣。,The sisters look like each other.
我用一日時間冇可能做得晒啲嘢。,It is impossible for me to finish the work in a day.
我可唔可以睇吓本雜誌呀？,Can I have a look at the magazine?
嗰本雜誌邊度有得買㗎？,Where can I buy that magazine?
嗰位作家用過嘅傢俬全部擺晒喺呢間博物館度。,The writer's furniture is all shown in this museum.
嗰度啲風景真係靚到唔知點形容。,The beauty of the scene was beyond description.
佢串錯咗嗰隻字，就令到佢喺比賽俾人淘汰咗。,His misspelling of that word eliminated him from the contest.
跟住我好快就瞓著咗喇。,"Soon after that, I began to fall asleep."
呢個字形容得好啱。,That word describes it perfectly.
隻狗冇食到啲肉。,The dog didn't eat the meat.
唔好俾隻狗走甩。,Make sure that the dog does not escape.
嗰座建築物會喺一年之內起完。,The building will be completed in a year.
我會同我老豆傾吓呢件事㗎喇。,I'll talk the matter over with my father.
等我將我知嘅嘢話晒比你聽啦。,I'll tell you all I know about it.
佢超速駕駛，俾差佬拉咗。,The policeman arrested him for speeding.
無你幫手，個計劃就成功唔到㗎喇。,Your help is indispensable for the success of the scheme.
條橋大約有一咪長。,The bridge is approximately a mile long.
呢部機係用咗好多時間同埋錢先至起好㗎。,It took a lot of time and money to build the machine.
嗰部機發到好多電。,The machine generates a lot of electricity.
學生唔可以喺學校裏面食煙。,Students are forbidden to smoke on the school grounds.
同呢幅比起上嚟，嗰幅畫啲色靚好多。,The picture is colorful in contrast with this one.
呢啲花擺喺邊度都無所謂，顯眼就得㗎喇。,Put those flowers wherever we can see them well.
間屋喺教堂對面，你去到就會見到㗎喇。,The house is opposite the church. You can't miss it.
啲噪音搞到隻狗喺度吠。,The noise set the dog barking.
你有冇睇過嗰套戲呀？,Did you ever see that movie?
我想再睇多次套戲。,I want to see the movie again.
呢套電影啱小朋友睇。,This movie is suitable for children.
套戲同我想像中爭好遠。,The film was not what I had thought it was.
嗰位醫生係兒童疾病嘅專家。,The doctor is a great authority on children's diseases.
個委員會係由科學家同工程師組成嘅。,The committee consists of scientists and engineers.
你噉嘅諗法有冇根據㗎？,Do you have any grounds for thinking so?
喺呢種情況之下，我地冇辦法成功。,"Under such circumstances, we cannot succeed."
嗰兩個人偷偷地入咗間屋，俾人見到咗。,The two men were seen to steal into the house.
個Party一啲都唔好玩嘅。,I didn't enjoy the party at all.
消息逐漸傳開去。,The news spread little by little.
條裙你買咗幾多錢呀？,How much did you pay for the dress?
我阿媽嗰陣仲後生過我。,"At that time, my mother was younger than I am now."
你唔使擔心。,You don't need to worry about it.
唔該話我知個遊戲嘅玩法。,Tell me how to play the game.
你可唔可以帶我去呀？,Will you take me there?
企喺度嗰個邊個嚟？,Who is standing there?
我太早到。,I arrived there too early.
你最好行路去。,You'd better go there on foot.
嗰度都唔係人住嘅。,You'll find it impossible to live there.
你喺嗰度做咗啲咩呀？,What did you do there?
我唔覺得係。,"No, I don't think so."
我唔覺得係噉。,"No, I don't think so."
可以話係，亦都可以話唔係。,Yes and no.
你有冇喉糖呀？,Do you have cough drops?
唔好意思呀，我想問地鐵站點去呀？,"Excuse me, but could you tell me the way to the station?"
可唔可以較細聲啲部收音機呀？,Would you mind turning down the radio?
唔好意思，你可唔可以講多次呀？,"I'm sorry, could you repeat that please?"
唔好意思，我而家好忙呀。,"I'm sorry, I'm busy right now."
唔好意思，我蕩失咗路。,"Excuse me, I'm lost."
坐喺角落頭嗰個男人係邊個嚟㗎？,Who is the man sitting in the corner?
有五分四嘅會員反對呢個計劃。,Four-fifths of all the members were against the plan.
西班牙人最鍾意夜晚出街散吓步、唞吓涼。,Spaniards love to stroll around in the evening cool.
識返啲西班牙文嘅話，你去墨西哥實會玩得開心啲。,A little knowledge of Spanish will go a long way toward making your trip to Mexico enjoyable.
超速駕駛好危險㗎。,Driving too fast is dangerous.
你揸得太快喇。,You're driving too fast.
邊度有得買零食呀？,Where can I buy snacks?
我覺得好大壓力。,I'm feeling stressed.
喊都無謂啦。,There's no use crying over spilt milk.
已經過咗廿年喇。,Twenty years already passed.
我真係好肚餓。,I am terribly hungry.
我餓死喇。,I am terribly hungry.
呢啲煙花真係好靚呀！,These fireworks are spectacular!
你好快就會學識游水㗎喇。,You'll soon be able to swim.
你好快就會開始鍾意佢㗎喇。,You will soon get to like him.
你唔使趕住答。,You don't have to answer quickly.
你都係快啲去瞓啦，如果唔係啲感冒就會愈嚟愈勁㗎啦。,"You had better go to bed right away, or your cold will get worse."
就嚟到朝頭早嘅繁忙時段喇，我哋仲唔行就塞車㗎喇。,"If we don't hit the road soon, we'll get caught in the morning rush hour traffic."
你好快就會適應呢種新生活㗎喇。,You will soon adapt yourself to this new life.
我係咪一定要即刻去呀？,Must I go there at once?
你鍾意攞幾多就攞幾多。,Take as much as you like.
飲湯唔好飲到𠽌𠽌聲。,Do not make a noise when you eat soup.
而家啲超級市場閂晒門㗎喇，我哋惟有攞雪櫃淨返啲嘢嚟用啦。,"The supermarkets are now closed, so we'll have to make do with what is left in the refrigerator."
阿 Susan 煮嘢食好叻㗎。,Susan is a good cook.
Susan爲咗表示佢好嬲，特登打爛咗個碟。,Susan broke the dish on purpose to show her anger.
唔好意思呀，我想問吓呢條路去唔去到地鐵站㗎？,"Excuse me, but is this the right way to the subway station?"
瑞士人多數識講三、四種語言。,Most Swiss people can speak three or four languages.
瑞士啲人講咩話㗎？,What language do they speak in Switzerland?
請問你想要單人房定係雙人房呀？,Would you like a single or a double?
阿 Jill 已經同佢啲朋友煲咗兩個鐘電話粥喇！,Jill has been on the phone with friends for more than two hours!
阿John好肥，跑唔得快。,John is too fat to run fast.
阿 John 最近肥咗好多。,John has put on a lot of weight recently.
阿 John 問阿 Mary 晏晝一唔一齊去行街。,John asked Mary whether she would like to go shopping in the afternoon.
阿 John 喺個台度唱咗啲咩歌呀？,What did John sing on the stage?
詹森先生突然間改變主意，簽咗份合約。,Mr Johnson suddenly changed his mind and signed the contract.
我講啲嘢俾你聽吖。,Let me tell you something.
阿Jim嘅英文好過佢班上嘅其他同學仔。,Jim is above any of his classmates in English.
阿 Jim 好努力做嘢，但係人工就唔係好高。,"Though Jim works very hard, his job does not pay very much."
俾我諗陣先。,Let me think for a while.
我哋不如唞陣先啦。,Shall we take a short rest?
過咗一陣，嗰個人就走咗入間房度。,"After a while, the man came into the room."
悉尼噶空气比东京噶干净。,The air of Sydney is cleaner than that of Tokyo.
單身嘅人有更加大嘅自由去選擇自己想做嘅事，社交唔使處處受到束縛。,Single people enjoy more freedom to do what they want and enjoy living a less restricted social life.
但係佢好好彩。,But he was lucky.
阿 Jane 係一個有咩就講咩嘅人。,Jane calls a spade a spade.
阿 Jane 有好多衫要洗。,Jane has a lot of clothes to wash.
你仲有冇嘢問呀？,Do you have any further questions?
跟住又有三個人上咗架巴士。,Three more passengers got on the bus.
更加正嘅係間屋仲有一個好靚嘅花園。,What is still better is that the house has a beautiful garden.
我要同你講拜拜喇。,I must say good-bye to you.
你想去野生動物園就搭五號巴士啦。,"If you are going to the safari park, take the No.5 bus."
唔好俾啲差佬發現你有槍喺身。,Don't let the cops find a heater on you.
踩單車係好好嘅運動，仲唔會排放廢氣添。,"Cycling is good exercise. Moreover, it doesn't pollute the air."
入嚟啦！,Come on in!
喂，起身喇。,"Come on, get up."
快啲啦，你仲慢吞吞噉我哋就遲到㗎喇。,"Come on, we'll be late if you don't hurry up."
聽講話你病咗喎。,I hear you have been sick.
你得閒嗰陣嚟飲杯茶吖。,Why don't you drop in for tea at your convenience?
你最好唔好喺嗰啲地方度行嚟行去。,You had better not walk around in such a place.
我唔知會搞到你咁麻煩。,I had no idea it would put you to so much trouble.
我喺度搵緊我副隱形眼鏡。,I'm looking for my contact lens.
我淨係知咁多嘅唧。,Beyond this I know nothing.
呢個係咪你親手縫㗎？,Did you sew this by hand?
睇到呢個，我就會諗起媽咪。,I remember my mother when I see this.
呢啲樹係佢哋種嘅。,These trees were planted by them.
啲書邊個㗎？,Whose books are these?
將呢啲物質撈埋一齊好危險㗎。,The mixture of these substances is dangerous.
將呢啲生字寫落你本簿度吖。,Write these words in your notebook.
呢啲古老嘅習俗都係一代一代噉傳落嚟嘅。,These old customs have been handed down from generation to generation.
呢啲習俗同我哋國家唔同。,These customs differ from those in our country.
邊有咁大隻蛤乸隨街跳呀？,This is too good to be true.
呢本係書。,This is a book.
𡀲係書。,This is a book.
佢就係喺呢間屋度出世㗎喇。,This is the house he was born in.
呢條係一條好深嘅數學題。,This is a difficult math problem.
呢朵係成個花園最靚嘅花。,This is the most beautiful flower in the garden.
呢個袋邊個架？,Whose bag is this?
呢個會好緊要㗎，你唔好唔嚟呀。,This is a very important meeting. You ought not to miss it.
呢把遮唔係我㗎，係人哋㗎。,This isn't my umbrella; it's somebody else's.
呢個係我見過最靚嘅景。,This is the finest view I have ever seen.
呢隻錶我尋日買嘅。,This is the watch I bought yesterday.
呢樣唔係小事。,It's no small matter.
係畀你嘅。,This is for you.
你可唔可以教我填呢份表格呀？,Can you tell me how to fill in this form?
呢隻雪糕好好味㗎，你試唔試少少呀？,This is very good ice cream. Won't you have some?
呢個你可以自己keep返。,You can keep this one for yourself.
呢把遮係咪你㗎？,Is this your umbrella?
呢支就係我尋日整唔見嗰支筆喇。,This is the pen that I lost yesterday.
呢個係我嘅公司地址。,This is my business address.
呢間就係我哋舊年住嗰間酒店喇。,This is the hotel where we stayed last year.
我唔知由而家開始我要做乜。,I don't know what to do from now on.
我保證我以後都會準時㗎喇。,"From now on, I promise to be punctual."
我由而家開始唔會再講大話㗎喇。,I will never tell a lie from now on.
我哋以後要保持聯絡呀。,"From now on, let's keep in touch."
Blake 葬喺呢間教堂。,This is the church where Blake is buried.
你知唔知佢哋係邊個？,Do you know who they are?
哥爾夫球好好玩㗎。,Playing golf is great fun.
雖然啲猩猩唔識開口講嘢，但係佢哋可以用其他方法同人類溝通。,"Gorillas cannot use their lips and tongues to speak, but they can communicate with people in other ways."
可唔可以麻煩你閂咗個窗佢呀？,May I trouble you to shut the window?
我會處理呢個問題。,I will deal with this problem.
呢條問題啲答案全部錯晒。,All the answers to this question were wrong.
呢本書對你嚟講可能難咗啲。,This book is too difficult for you to read.
呢本書好深，一個禮拜好難睇得晒。,This book is too difficult to read in a week.
我覺得呢本書好有趣。,I found this book interesting.
呢本書值得一睇。,This book is worth reading.
呢啲書唔拎得走㗎。,You can't take away these books.
我肯定呢本書會對你好有用。,I am sure this book will be of great use to you.
呢本書每一句句子都好重要。,Every sentence in this book is important.
你可唔可以幫我喺呢本書度簽個名呀？,Could I have your autograph on this book?
呢頂帽都幾襯我噃。,This hat suits me nicely.
呢頂帽係咪你㗎？,Is this hat yours?
我由今朝開始就一路喺度打呢份報告書，但係到而家都淨係打咗一半。,"I have been typing this report since this morning, but I'm only halfway through."
呢度附近有無加油站㗎？,Is there a gas station around here?
你有冇喺附近見過一個啡色銀包？,Did you see a brown wallet around here?
呢句句子個「get」字係咩意思呢？,"What does the word ""get"" mean in this sentence?"
呢個故仔嘅女主角係一個細路女。,The heroine of this story is a little girl.
呢條裙都幾靚喎，可唔可以試著㗎？,I like this skirt. May I try it on?
呢間房裏面有部電視機。,There is a television in this room.
呢間房細得濟喇，裝唔落五十個人。,This room is too small to contain 50 men.
呢間房唔俾食煙㗎。,You may not smoke in this room.
呢間房唔俾食煙。,You cannot smoke in this room.
呢塊布摸上手好滑。,This cloth feels smooth.
呢個箱裏面裝滿晒蘋果。,This box is filled with apples.
兩者之間冇乜分別。,There is not much difference between the two.
今個秋天冇我哋想像中落咁多雪。,We had less snow this winter than we had expected.
聽講今個冬天係呢十年嚟最凍嘅冬天喎。,I hear this is the coldest winter we have had in the past ten years.
呢部電話壞咗。,This telephone is out of order.
呢間舖頭九點閂門。,This store is closed at nine.
呢間舖頭啲壽司好好食。,The sushi at this shop tastes good.
你知唔知呢個字點解呀？,Do you know the meaning of this word?
我唔識呢個字。,I don't understand this word.
呢條村啲嘢平過我哋條村好多。,The things in this village are cheaper than those in ours.
將呢條線分做二十個等分。,Divide this line into twenty equal parts.
呢條河有一咪闊。,This river is one mile across.
呢張係一張免費飛。,This is a free ticket.
呢間圖書館有冇英文雜誌㗎？,Are there any English magazines in this library?
呢個公仔係咪你自己整㗎？,Did you make this doll by yourself?
呢個消息係唔係真㗎？,Is this information right?
呢個女仔邊個嚟㗎？,Who is this girl?
天氣咁熱，要戴返頂帽先好出街呀。,Don't go out in this heat with a bare head.
你今個禮拜六日得唔得閒呀？,Are you free this weekend?
張相係佢影嘅。,The picture was taken by him.
你介唔介意我攞呢本字典去用呀？,Would you mind my using this dictionary?
呢本字典雖然好貴，但係都係值得買嘅。,"This dictionary is very expensive, but is worth buying."
關於呢件事，等佢下次嚟我會話佢知㗎啦。,I will tell him about it when he comes next time.
呢隻錶要攞去修理喇。佢每日都會快廿分鐘。,This watch needs repairing. It gains 20 minutes a day.
呢隻手錶有防震功能。,This watch is shock-proof.
我諗住送呢隻錶俾你。,This watch is meant for you.
唔好講呢件事俾阿爸聽。,Don't tell Father about this.
呢啲資料未必可靠。,It is questionable whether this data can be relied on.
呢首詩原本係用法文寫嘅。,This poem was originally written in French.
張紙大得濟，擺唔落個信封度。,The paper is too big for the envelope.
你最近唔係好似你。,You don't seem to be yourself these days.
呢道門點鎖都鎖唔到。,This door won't lock.
呢座建築物就起完㗎喇。,This building is near completion.
啲座建築物喺威尼斯嘅眾多名勝之一。,This building is one of the many glories of Venice.
呢隻襪穿咗個窿。,There's a hole in this sock.
呢段音樂令我又想起嗰個女仔。,This music reminds me of that girl.
喺條咁急嘅急流裏面游水，一定會好危險㗎。,It must be dangerous to swim in this rapid stream.
呢部機重得濟喇，我拎唔郁。,This machine is too heavy for me to carry.
呢部機好易用。,This machine is easy to handle.
你識唔識得用呢部機呀？,Do you know how to use this machine?
呢間學校女仔多過男仔。,There are more girls than boys in this school.
我做完功課，想瞓陣覺，但係又要返學⋯⋯,"Now that I have finished this assignment I want to go to sleep, but I have to go to school."
呢朵花係黃色嘅，但係其他嗰啲全部都係藍色嘅。,"This flower is yellow, but all the others are blue."
呢首歌令我諗返起我細個嗰陣啲嘢。,This song reminds me of my childhood.
呢間屋要維修吓喇。,This house must be done up.
呢間屋係我嘅。,This house is mine.
我今個夏天諗住踩單車環遊歐洲。,I'll travel across Europe by bicycle this summer.
呢支鉛筆有幾長呀？,How long is this pencil?
我覺得呢套戲值得一睇再睇。,I think it is worthwhile to see this film twice.
我想問吓修理呢張凳要幾多錢呀？,What would it cost to have this chair repaired?
呢粒蘋果好酸。,This apple tastes sour.
呢部收音機幾多錢呀？,What is the price of this radio?
好似咁嘅錯誤好容易被忽略㗎。,Mistakes like these are easily overlooked.
呢架小巴可以坐到廿五個人。,This minibus holds 25 persons.
呢間酒店裝得落一千人。,This hotel has accommodations for 1000 guests.
呢支原子筆我買咗兩蚊。,I bought this ball-point for two dollars.
呢支筆係我㗎。,This pen belongs to me.
你想用呢支筆，我就借俾你啦。,"If you want this pen, I will lend it to you."
呢塊牛扒好香。,This beefsteak smells good.
呢間舖頭啲漢堡包好味過嗰間嗰啲。,This store's hamburgers taste better than that one's.
呢支玫瑰好靚呀。,This rose is very beautiful.
呢架巴士載到五十個人。,This bus can hold fifty people.
呢啲睡衣好吸汗。,These pajamas absorb sweat well.
唔該你裝啲水落呢個桶度吖。,Please fill this bucket with water.
呢個桶穿咗個窿。,There's a hole in this bucket.
呢啲黏液可以當膠水用。,This sticky liquid can be substituted for glue.
呢條呔幾多錢呀？,How much is this tie?
呢把刀好利。,This knife cuts well.
嗰條裙睇落好似好貴噉。,That dress seems to be very expensive.
呢張枱同我哋屋企嗰張一樣大。,This table is just as large as ours.
呢張梳化幾多錢呀？,How much is this sofa?
有人喺呢張梳化度瞓過。,Somebody has been sleeping on this sofa.
呢間游水學校每個月要俾幾多學費㗎？,How much is the monthly fee of this swimming school?
你話兜啫喱凝咗未吖嗱？,Do you think this jelly's firm enough to eat yet?
呢件外套無衫袋㗎。,This coat hasn't pockets.
呢隻蛋糕真係冇啲人講到咁好食囉。,This cake doesn't really live up to its reputation.
呢條規則唔係幾時都啱用㗎。,This rule doesn't apply to every case.
呢部相機冇嗰部咁貴。,This camera is less expensive than that one.
你可唔可以用呢部相機幫我哋影幅相呀？,Would you take a picture of us with this camera?
